order,month,work_key,doi,title,venue,states_pce,states_certified,states_area,states_t80,isos_protocol,pce_value
1,2026-06,10.1002/adma.73679,10.1002/adma.73679,Quantifying Deep‐Level Defects‐Dominated Degradation for Commercially Viable Perovskite Solar Cells,Advanced Materials,,,,,,
2,2026-03,10.1002/anie.202519239,10.1002/anie.202519239,Pancake‐Like Surface Halide‐Fluorothiolate‐Enriched Au 12 Ag 30 Nanoclusters for Defect Passivation and Moisture Shielding in Perovskite Solar Cells,Angewandte Chemie International Edition,,,,,,
3,2026-02,10.1002/ente.202502206,10.1002/ente.202502206,Investigation of Performance of a Lead‐Free Flexible Perovskite Solar Cell Under Different Bending Modes,Energy Technology,,,,,,
4,2026-08,10.1002/anie.4221605,10.1002/anie.4221605,Decoupling Bidirectional Photochemical Degradation via Radical Scavenging for Stable Inverted Perovskite Solar Cells,Angewandte Chemie International Edition,,,,,,
5,2026-08,10.1002/advs.76950,10.1002/advs.76950,Anchor Engineering of Hole‐Selective Enamine‐Based Self‐Assembling Monolayers for Perovskite Solar Cells,Advanced Science,,,,,,
6,2026-03,10.1038/s41467-026-70848-8,10.1038/s41467-026-70848-8,Antimony oxide buffer layer for single- and double-junction perovskite-based solar cells,Nature Communications,,,,,,
7,2026-05,10.1002/anie.5162616,10.1002/anie.5162616,Molecular Pinning Effect in Composite Self‐Assembled Monolayers Enabling Efficient Perovskite/TOPCon Tandem Solar Cells,Angewandte Chemie International Edition,,,,,,
8,2026-04,10.1126/sciadv.aec3238,10.1126/sciadv.aec3238,Homogenizing out-of-plane strain distribution for high-performance flexible perovskite photovoltaics,Science Advances,,,,,,
9,2026-01,10.1002/anie.202513535,10.1002/anie.202513535,Triple‐Functional Hydrazide‐Based Modifier for Self‐Assembled Monolayers/Perovskite to Obtain 26.29%‐Efficiency Inverted MA‐Free Perovskite Solar Cells,Angewandte Chemie International Edition,,,,,,
10,2026-06,10.1002/adfm.76278,10.1002/adfm.76278,Engineering Buried Interfaces With a π ‐Ionic Lock for Efficient Perovskite Solar Cells,Advanced Functional Materials,,,,,,
11,2026-07,10.1002/cnma.70339,10.1002/cnma.70339,Performance Optimization of Inorganic CsPbI 3 Perovskite Solar Cells Using ZnO and SnO 2 Electron Transport Layers on Indium Tin Oxide and Fluorine‐Doped Tin Oxide Substrates,ChemNanoMat,,,,,,
12,2026-04,10.54691/1zd8kt57,10.54691/1zd8kt57,Simulation Study of Environmentally Friendly Lead-Free All-Perovskite Tandem Solar Cells,Scientific Journal of Technology,,,,,,
13,2026-05,10.1002/eem2.70366,10.1002/eem2.70366,Elementary Steps of Energy Conversion in Strongly Correlated Systems: Beyond Single Quasiparticles and Rigid Bands,Energy & environment materials,,,,,,
14,2026-04,10.1002/pssr.70177,10.1002/pssr.70177,Optical Density of Perovskite Films as a Novel Parameter in Statistical Modeling for Perovskite Solar Cells,physica status solidi (RRL) - Rapid Research Letters,,,,,,
15,2026-07,10.1063/5.0304135,10.1063/5.0304135,"Progress in semitransparent solar panels: Materials, efficiency, and applications",Journal of Renewable and Sustainable Energy,,,,,,
16,2026-07,10.1021/acsnano.6c04084.s001,10.1021/acsnano.6c04084.s001,Homogenizing Cesium Distribution via Rubidium Incorporation Enables Pure-Iodide 1.67 eV Bandgap Perovskite Solar Cells with Efficiency Exceeding 22%,Figshare,,,,,,
17,2026-04,10.1002/adma.73024,10.1002/adma.73024,Exciton‐Photon Critical Coupling in Size‐Tailored Quantum Dots Enables >22% Efficient and Stable Inverted CsPbI 3 Solar Cells,Advanced Materials,,,,,,
18,2026-07,10.1002/adma.74220,10.1002/adma.74220,Dynamic Strain Regulation Via Photoresponsive Fullerenes Enables High‐Performance and UV‐Robust Perovskite Solar Cells,Advanced Materials,,,,,,
19,2026-08,10.1002/anie.3095986,10.1002/anie.3095986,Ga Doping Enables (110) Facet Control and Surface Passivation of SnO 2 for Efficient and Stable Inverted Perovskite Solar Cells,Angewandte Chemie International Edition,,,,,,
20,2026-07,10.1002/smtd.70860,10.1002/smtd.70860,All‐Vacuum Engineering of SnO 2 ‐Based Buried Interfaces for Scalable and Thermally Stable Perovskite Photovoltaics,Small Methods,,,,,,
21,2026-05,10.1002/sus2.70073,10.1002/sus2.70073,Renewable Energy‐Driven Green Electricity Supplement for Empowering Blue Economy,SusMat,,,,,,
22,2026-05,10.1088/2632-959x/ae6f36,10.1088/2632-959x/ae6f36,Effect of FABr over-stoichiometry on the morphology and optoelectronic properties of wide-bandgap FAPbBr 3 films,Nano Express,,,,,,
23,2026-07,10.1002/ente.70574,10.1002/ente.70574,Strain‐Engineered Fluoro‐Perovskites CsGeF 3 and CsSnF 3 for Efficient and Sustainable Solar Energy Conversion,Energy Technology,,,,,,
24,2026-04,10.1002/ente.202502597,10.1002/ente.202502597,Molecular Glass Interface Engineering Enables Highly Efficient and Stable Inverted Perovskite Solar Cells,Energy Technology,,,,,,
25,2026-05,10.1016/j.esci.2026.100601,10.1016/j.esci.2026.100601,Where photons should be regulated: Optically first charge-transport layers for bifacial perovskite photovoltaics,eScience,,,,,,
26,2026-04,10.1016/j.rineng.2026.110377,10.1016/j.rineng.2026.110377,ETL-free and HTL-free perovskite solar cell as the simplified power source for energy-frugal indoor IoTs,Results in Engineering,,,,,,
27,2026-08,10.1016/j.joule.2026.102646,10.1016/j.joule.2026.102646,Impact of silicon substrate topography on sequentially evaporated perovskite film growth,Joule,,,,,,
28,2026-08,10.1002/adfm.77856,10.1002/adfm.77856,Reconstruction of Hole‐Selective Perovskite Contact Enables Highly Efficient Two‐Step Perovskite Solar Cells via Improved Energetics,Advanced Functional Materials,,,,,,
29,2026-03,10.1038/s41467-026-69687-4,10.1038/s41467-026-69687-4,Moisture-responsive crystallization strategy for efficient CsPbI3 solar cells fabricated under high-humidity conditions,Nature Communications,,,,,,
30,2026-07,10.1002/adpr.70226,10.1002/adpr.70226,"Exploring Ruddlesden–Popper Perovskite Solar Cells Performance Using First‐Principles Calculations, Processing Parameters Simulation, and Machine Learning",Advanced Photonics Research,,,,,,
31,2026-03,10.1021/acsenergylett.5c03999,10.1021/acsenergylett.5c03999,Dual-Site Competitive Coordination Eliminates Residual DMSO for Thermally and Moisture-Stable Perovskite Solar Cells,ACS Energy Letters,,,,,,
32,2026-02,10.1038/s41467-026-69685-6,10.1038/s41467-026-69685-6,Regulating perovskite crystallization kinetics at laser scribe lines for efficient and stable perovskite modules,Nature Communications,,,,,,
33,2026-01,10.1038/s41467-025-68231-0,10.1038/s41467-025-68231-0,Thermotropic liquid-assisted interface management enables efficient and stable perovskite solar cells and modules,Nature Communications,,,,,,
34,2026-02,10.1002/adma.202521697,10.1002/adma.202521697,Stabilizing Ni 3+ ‐Rich NiO x /Perovskite Interface via Dual Coordination for Efficient and Durable Perovskite Photovoltaics,Advanced Materials,,,,,,
35,2026-01,10.1021/acs.jpclett.5c03817,10.1021/acs.jpclett.5c03817,"Anharmonicity-Driven Modulation of Carrier Lifetime and Mobility in BF 4 -Doped All-Inorganic CsPbX 3 (X = I, Br) Perovskites",The Journal of Physical Chemistry Letters,,,,,,
36,2026-08,10.3390/ceramics9080087,10.3390/ceramics9080087,"Manufacturing of Perovskite Solar Cells: Materials, Processing Strategies, and Pathways to Scalable Production",Ceramics,,,,,,
37,2026-02,10.1002/adma.202519339,10.1002/adma.202519339,Molecular Buffering Regulates Lattice Strain for Fatigue‐Resistant Perovskite Photovoltaics Under Cryogenic Thermal Cycling,Advanced Materials,,,,,,
38,2026-01,10.37284/eaje.9.1.4347,10.37284/eaje.9.1.4347,"Computational Modelling and Numerical Simulation of a Lead-free Perovskite Photovoltaic Solar Cell, Optimised for the Specific Climatological Profile of Zimbabwe",East African Journal of Engineering,,,,,,
39,2026-05,10.1002/cnl2.70174,10.1002/cnl2.70174,Scalable Fabrication of Perovskite Solar Cells and Modules,Carbon Neutralization,,,,,,
40,2026-04,10.1038/s41467-026-71845-7,10.1038/s41467-026-71845-7,Dimensional control of low-dimensional perovskite hybrids for photovoltaics,Nature Communications,,,,,,
41,2026-08,10.1002/ange.8256065,10.1002/ange.8256065,Polyfluorinated‐Regulator‐Assisted Scaffold‐Directed Tilted 1D/3D Heterointerfaces for High‐Voltage and Stable Perovskite Solar Cells,Angewandte Chemie,,,,,,
42,2026-08,10.1002/ente.70607,10.1002/ente.70607,Ambient Processing of Large‐Area and Fully Slot‐Die‐Coated MAPbI 3 Perovskite Solar Cells,Energy Technology,,,,,,
43,2026-03,10.3390/chemistry8040039,10.3390/chemistry8040039,"Pressure-Dependent Structural, Electronic, Mechanical, and Optical Properties of Cs2SeCl6: A DFT Simulation",Chemistry,,,,,,
44,2026-05,10.1016/j.nxmate.2026.102127,10.1016/j.nxmate.2026.102127,Modeling and experimental investigation of perovskite/black silicon/silicon tandem solar cells,Next Materials,,,,,,
45,2026-03,10.1002/ange.202519239,10.1002/ange.202519239,Pancake‐Like Surface Halide‐Fluorothiolate‐Enriched Au 12 Ag 30 Nanoclusters for Defect Passivation and Moisture Shielding in Perovskite Solar Cells,Angewandte Chemie,,,,,,
46,2026-06,10.11868/j.issn.1001-4381.2024.000267,10.11868/j.issn.1001-4381.2024.000267,Study on the properties of SnO2 thin film based on hydrolysis and its effect on perovskite solar cells,DOAJ (DOAJ: Directory of Open Access Journals),,,,,,
47,2026-03,10.26599/emd.2026.9370089,10.26599/emd.2026.9370089,Eco-friendly lead-free and low-lead perovskite solar cells,Energy Materials and Devices,,,,,,
48,2026-03,10.1016/j.joule.2026.102396,10.1016/j.joule.2026.102396,TOPCon-based bottom cells for perovskite/silicon tandem solar cells,Joule,,,,,,
49,2026-01,10.1016/j.rineng.2026.108976,10.1016/j.rineng.2026.108976,"Polymer Photocatalysts for Green Energy and Environmental Remediation: Recent Progress, Challenges, and Future Directions",Results in Engineering,,,,,,
50,2026-07,10.1002/eem2.70481,10.1002/eem2.70481,Research Progress of Three‐Terminal Perovskite/Silicon Tandem Solar Cells Based on Back‐Contact Silicon,Energy & environment materials,,,,,,
51,2026-08,10.1002/ente.70559,10.1002/ente.70559,Defect Passivation and Stability Enhancement in Perovskite Solar Cells for Tandem Devices Using 2D Materials: A Review,Energy Technology,,,,,,
52,2026-04,10.1002/anie.9551164,10.1002/anie.9551164,Lithium‐Based Deep Eutectic in Spiro‐OMeTAD Enable Efficient and Stable Perovskite Solar Cells,Angewandte Chemie International Edition,,,,,,
53,2026-06,10.1021/acsaem.6c01434,10.1021/acsaem.6c01434,Multifunctional Buried-Interface Engineering for Efficient Low- n Quasi-2D Tin Perovskite Solar Cells,ACS Applied Energy Materials,,,,,,
54,2026-07,10.1021/acsami.6c06661.s001,10.1021/acsami.6c06661.s001,Metallic Lead to Perfect Perovskite: A Bottom-Up Vapor-Assisted Colloidal Strategy for High-Performance Solar Cells,Figshare,,,,,,
55,2026-02,10.1021/acs.accounts.5c00858,10.1021/acs.accounts.5c00858,Resonance Variation-Based Dynamically Adaptive Organic Optoelectronic Materials,Accounts of Chemical Research,,,,,,
56,2026-07,10.1021/acsami.6c08990,10.1021/acsami.6c08990,Energy Band Alignment and Interfaces in FAPbI3 Perovskite Solar Cells: A Hard X-ray Photoelectron Spectroscopy Investigation,ACS Applied Materials & Interfaces,,,,,,
57,2026-02,10.1134/s1063783425602917,10.1134/s1063783425602917,Synthesis and Characterization of CH3NH3SnI3 and CH3NH3SnICl2 Tin-Based Halide Perovskite Films,Physics of the Solid State,,,,,,
58,2026-06,10.1002/adfm.76543,10.1002/adfm.76543,Nucleation‐Crystallization Synergistic Strategy Enables Efficient and Stable Wide‐Bandgap Perovskite Mini‐Modules,Advanced Functional Materials,,,,,,
59,2026-03,10.1002/adfm.74914,10.1002/adfm.74914,Machine Learning‐Driven Molecule Additives for High‐Performance Perovskite Solar Cells with Bandgap Universality and Scalability,Advanced Functional Materials,,,,,,
60,2026-07,10.1002/aenm.71282,10.1002/aenm.71282,Interfacial Regulation by a Multifunctional Self‐Assembled Material for High‐Performance Inverted Perovskite Solar Cells,Advanced Energy Materials,,,,,,
61,2026-07,10.1021/acsami.6c07524,10.1021/acsami.6c07524,Aging-Tolerant Precursor Solution for Perovskite Solar Cells Enabled by Phosphite-Assisted Chemical Protection,ACS Applied Materials & Interfaces,,,,,,
62,2026-05,10.1002/aenm.70883,10.1002/aenm.70883,Multimodal Strategy for Efficient Semi‐Transparent Perovskite Solar Cells and Modules with Record Indoor Performance (Adv. Energy Mater. 17/2026),Advanced Energy Materials,,,,,,
63,2026-02,10.1038/s41467-026-69264-9,10.1038/s41467-026-69264-9,Scalable solution soaking quenching technique unlocks efficient and durable wide bandgap perovskite solar modules,Nature Communications,,,,,,
64,2026-03,10.1021/acsami.5c25501,10.1021/acsami.5c25501,Machine Learning-Guided Discovery of High-Performance Perovskite Solar Cells via Cluster Analysis and Experimental Validation,ACS Applied Materials & Interfaces,,,,,,
65,2026-03,10.1002/adom.202503619,10.1002/adom.202503619,Stabilizing Iodine in 2D Mixed Halide Perovskites: Dion–Jacobson Versus Ruddlesden–Popper Phases,Advanced Optical Materials,,,,,,
66,2026-07,10.1002/adma.73995,10.1002/adma.73995,Breaking Interfacial Charge Transport Limitations Enabled by Heterojunction Dielectric Equilibrium in Perovskite Solar Cells,Advanced Materials,,,,,,
67,2026-05,10.1002/adfm.76167,10.1002/adfm.76167,Bisphosphonate‐Anchored Self‐Assembled Molecule with Halogen Functionalization for Wide‐Bandgap Perovskite Solar Cells and Tandems,Advanced Functional Materials,,,,,,
68,2026-04,10.1038/s41467-026-72160-x,10.1038/s41467-026-72160-x,Uniform and ordered self-assembled hole-selective layers driven by π-π interactions for efficient perovskite-silicon tandem solar cells,Nature Communications,,,,,,
69,2026-08,10.1021/acs.nanolett.6c03508,10.1021/acs.nanolett.6c03508,All-Perovskite Low-Dimensional/Quantum Dot Heterojunctions for Long-Term Efficient Quantum Dot Solar Cells,Nano Letters,,,,,,
70,2026-02,10.1063/5.0313807,10.1063/5.0313807,Crystallization modulation through optimized SnO2 ETL enables over 20% efficiency in HTM-free carbon electrode perovskite solar cells,Applied Physics Letters,,,,,,
71,2026-07,10.1126/sciadv.aee4175,10.1126/sciadv.aee4175,Tetraphosphorylated phthalocyanine–based self-assembled monolayer stabilizes perovskite photovoltaics,Science Advances,,,,,,
72,2026-08,10.1002/adma.74758,10.1002/adma.74758,Molecular Synergy‐Enabled Buried Interface Engineering Toward Highly Efficient and Operationally Stable Flexible Perovskite Photovoltaics,Advanced Materials,,,,,,
73,2026-04,10.1088/1402-4896/ae5852,10.1088/1402-4896/ae5852,Carrier relaxation dynamics in mixed-halide CsPb(Br x Cl 1-x ) 3 perovskite films,Physica Scripta,,,,,,
74,2026-01,10.1515/pac-2025-0657,10.1515/pac-2025-0657,Influences of electron transport layer thickness on functional characteristics of Formamidinium lead iodide featured with silver back contact solar cell,Pure and Applied Chemistry,,,,,,
75,2026-06,10.1016/j.revmat.2026.100244,10.1016/j.revmat.2026.100244,Atomic-level defect engineering: From fundamental mechanisms to applications in energy materials,Review of Materials Research,,,,,,
76,2026-03,10.1002/adma.72738,10.1002/adma.72738,Unified Interface–Bulk Enhancements in Wide‐Bandgap Perovskites Enabled by Bifunctional Cyanoacetic Acid for Textured Silicon/Perovskite Tandem Solar Cells,Advanced Materials,,,,,,
77,2026-05,10.1021/jacsau.6c00354,10.1021/jacsau.6c00354,Triangular BN-Embedded Molecular Carbons with Zigzag Edges and Their Dual Functionality in Fluoroanion Detection and Perovskite Solar Cells,JACS Au,,,,,,
78,2026-04,10.1002/smll.73439,10.1002/smll.73439,Synergistic Passivation and Crystallization Control via a Bifunctional Ionic Liquid for Minimizing Voltage Loss in Wide‐Bandgap Perovskites,Small,,,,,,
79,2026-08,10.3390/ma19153341,10.3390/ma19153341,First-Principles DFT Investigation of CsSn0.5Ge0.5I3 and Machine Learning-Assisted Numerical Simulation of Lead-Free Solar Cells,Materials,,,,,,
80,2026-07,10.1016/j.nxmate.2026.102676,10.1016/j.nxmate.2026.102676,Integrated SCAPS-1D modeling and ML approaches for performance enhancement of lead-free Ca₃AsI₃ PSCs,Next Materials,,,,,,
81,2026-02,10.17863/cam.127502,10.17863/cam.127502,Homogenized Optoelectronic Properties in Perovskites: Achieving High-Efficiency Solar Cells with Common Chloride Additives.,Apollo (University of Cambridge),,,,,,
82,2026-07,10.1002/advs.76653,10.1002/advs.76653,Exploiting Bulk Photovoltaic Effect in a Polar Hybrid Perovskite Towards Self‐Powered Detection of Weak Ultraviolet Polarized Light,Advanced Science,,,,,,
83,2026-06,10.1002/adma.73713,10.1002/adma.73713,Molecularly Confined Domains Enable Halide‐Stable Wide‐Bandgap Perovskites,Advanced Materials,,,,,,
84,2026-08,10.1021/acsami.6c11057,10.1021/acsami.6c11057,Fluorinated Phenethylammonium and Pre-Annealing Static Stage Enable Intermediate-Mediated Stepwise Crystallization in Tin Perovskite Solar Cells,ACS Applied Materials & Interfaces,,,,,,
85,2026-05,10.1021/acsenergylett.6c00476,10.1021/acsenergylett.6c00476,Efficient Perovskite Solar Modules Enabled by Synergistic Interparticle and Interfacial Electrostatic Interaction Regulation,ACS Energy Letters,,,,,,
86,2026-07,10.1021/jacs.6c06932,10.1021/jacs.6c06932,Bidirectional Chemo-Mechanical Interface Stabilization in Perovskite Solar Cells,Journal of the American Chemical Society,,,,,,
87,2026-01,10.1002/smll.202513162,10.1002/smll.202513162,"Efficient, Reversible Lead Adsorption in a Thiol‐Decorated Zirconium‐Metal–Organic Framework",Small,,,,,,
88,2026-07,10.1016/j.mtcomm.2026.115918,10.1016/j.mtcomm.2026.115918,Temporal feature enhancement and flow matching microenvironment modeling for PCE prediction and process optimization of perovskite solar cells,Materials Today Communications,,,,,,
89,2026-06,10.36948/ijfmr.2026.v08i03.80802,10.36948/ijfmr.2026.v08i03.80802,Nanostructured Optical Devices for Solar Energy Harvesting: Light Management from Plasmonic Resonance to High-Index Photonics,International Journal For Multidisciplinary Research,,,,,,
90,2026-04,10.1038/s41467-026-71301-6,10.1038/s41467-026-71301-6,Homogenizing interfacial assembly via indole-mediated binary monolayers for perovskite solar cells,Nature Communications,,,,,,
91,2026-03,10.1021/acsami.6c00026,10.1021/acsami.6c00026,Buried Interface Toughening and Multi-Site Defect Passivation for Thermally Stable Wide-Bandgap Perovskite Solar Cells,ACS Applied Materials & Interfaces,,,,,,
92,2026-05,10.1002/cey2.70260,10.1002/cey2.70260,Positional Isomer Engineering for Crystallization Kinetics Control in Wide‐Bandgap Perovskite Solar Cells,Carbon Energy,,,,,,
93,2026-03,10.1016/j.rio.2026.101118,10.1016/j.rio.2026.101118,Composition-dependent electronic and optical properties of all-inorganic CsPb1-xSnxBr3 perovskites investigated using first-principles calculations,Results in Optics,,,,,,
94,2026-07,10.1088/2631-8695/ae8fa6,10.1088/2631-8695/ae8fa6,Unveiling interface recombination pathways in Cs 2 AgBiBr 6 based photovoltaics for performance optimization,Engineering Research Express,,,,,,
95,2026-07,10.1093/mam/ozag053.892,10.1093/mam/ozag053.892,Electron-Beam-Induced Degradation of Halide Perovskites Revealed by Ultra-Low-Dose Microscopy,Microscopy and Microanalysis,,,,,,
96,2026-01,10.1002/adma.202523338,10.1002/adma.202523338,Asymmetric Self‐Assembled Molecule With High Dipole Moment for Efficient Wide‐Bandgap Perovskite Solar Cells and Tandems,Advanced Materials,,,,,,
97,2026-01,10.1021/acsami.5c24570,10.1021/acsami.5c24570,Beyond Plasmonics: Au Nanoparticles as Electron Sinks in TiO 2 for Interface Passivation Enhancement in Planar Perovskite Solar Cells,ACS Applied Materials & Interfaces,,,,,,
98,2026-07,10.1021/acsaem.6c01764,10.1021/acsaem.6c01764,Sulfolane-Based Solvent Engineering for High-Performance MAPbI3 Perovskite Solar Cells,ACS Applied Energy Materials,,,,,,
99,2026-05,10.21608/ejmtc.2026.463653.1361,10.21608/ejmtc.2026.463653.1361,"Materials Engineering in Perovskite Solar Cells: A Review of Layer Materials, Performance, and Stability",Journal of Engineering Science and Military Technologies /Journal of Engineering Science and Military Technologies,,,,,,
100,2026-07,10.1002/solr.70421,10.1002/solr.70421,"Depth‐Resolved Photo‐Degradation of Perovskite Layer in Solar Cells Stressed Under ISOS Light‐Aging Protocol Conditions: The Role of Substrate, Electron‐Transport‐Layer and Perovskite Deposition Method",Solar RRL,,,,,,
