work_key,source_month,axis,lens,architecture,field,value,unit,verbatim_anchor
10.1002/adfm.202504424,,defects,experimental,p-i-n,pce_champion,26.14,%,"The remarkably suppressed nonradiative recombination losses enable efficient inverted devices with a PCE of 26.14%, which is one of the highest PCEs reported for the"
10.1007/s42114-024-01208-7,,defects,experimental,n-i-p,pce_champion,23,%,with the corresponding devices exhibiting efficiencies of more than 23% (0.04 cm 2 )
10.1007/s42114-024-01208-7,,defects,experimental,n-i-p,active_area_cm2,0.04,cm2,with the corresponding devices exhibiting efficiencies of more than 23% (0.04 cm 2 )
10.1002/solr.202500319,,defects,experimental,unknown,pce_champion,21.1,%,"Optimized GuaX treatments substantially enhance photovoltaic performance, with GuaCl‐treated PSCs achieving a power conversion efficiency of 21.10%, an open‐circuit voltage of 1.15 V, and a"
10.1016/j.cej.2025.162942,,interfaces,experimental,p-i-n,pce_champion,25.3,%,"Consequently, the PCE of the PSCs modified with 3MTPAI increases from 23.90 % to 25.30 %."
10.1002/anie.202504237,,interfaces,experimental,tandem_2T,pce_champion,31.56,%,affording PCEs of 31.56% (area: 1.07 cm 2 ) and 26.57% (area: 20.06 cm 2 )
10.1002/anie.202504237,,interfaces,experimental,tandem_2T,pce_certified,25.45,%,The single‐junction champion inverted PSC devices based on syn‐SAM deliver power conversion efficiencies (PCEs) of 25.75% (certified 25.45%) and 22.76% (area: 0.105 cm 2 )
10.1002/anie.202504237,,interfaces,experimental,tandem_2T,active_area_cm2,1.07,cm2,affording PCEs of 31.56% (area: 1.07 cm 2 ) and 26.57% (area: 20.06 cm 2 )
10.1002/adma.202508740,,interfaces,experimental,p-i-n,pce_certified,24.9,%,"Using this approach, PSCs are demonstrated with a certified quasi-steady-state power conversion efficiency of 24.9% and maintain 80% of the initial efficiency after 900 h"
10.1002/adma.202518406,,interfaces,experimental,p-i-n,pce_champion,26.15,%,"Consequently, the PSCs based on TDCA interface layer achieved a champion PCE of 26.15%."
10.1002/adma.202513884,,defects,theory,unknown,pce_champion,25.35,%,"Consequently, the PSCs fabricated with AdF‐BCz achieved a notable efficiency of 25.35%, outperforming devices based on SdF‐BCz (23.12%) and NF‐BCz (24.2%)."
10.1007/s12598-024-03108-7,,interfaces,theory,unknown,pce_champion,10.37,%,"Specifically, TiO 2 ‐based PSCs achieved a PCE of 10.37% efficiency, higher than SnO 2 ‐ or ZnO‐based PSCs."
10.1021/acsami.5c01653,,interfaces,experimental,p-i-n,pce_champion,14.7,%,"Consequently, the Sn–PSCs based on the PEDOT:PSS/2PADCB film achieve a champion efficiency of 14.7%, higher than that of their pristine counterpart (12.5%)."
10.1002/aenm.202500650,,defects,experimental,unknown,pce_champion,22.1,%,"The devices incorporating SBP achieved a power conversion efficiency (PCE) of up to 22.1%, which is the state‐of‐the‐art result for the WBG PSCs (≥1.68 eV)"
10.1002/aenm.202500650,,defects,experimental,unknown,active_area_cm2,1.05,cm2,"In addition, the same protocol produces a PCE of 20.1% for a larger area cell (1.05 cm 2 ), and a PCE of over 19.5%"
10.1021/acsnano.5c15499,,defects,experimental,p-i-n,pce_champion,22.2,%,"the resulting inverted device achieves a power conversion efficiency (PCE) of 22.2%, one of the highest PCE for air-processed WBG PSCs"
10.1021/acsenergylett.5c01745,,defects,experimental,unknown,pce_champion,23.33,%,DOAAc-passivated Sn–Pb PSCs achieve a record efficiency of 23.33% for gas-quenching fabricated devices
10.1002/anie.202510925,,defects,theory,unknown,pce_champion,22.49,%,"the optimized device achieves a power conversion efficiency (PCE) of 22.49%, the highest reported value for this class of PSCs to date"
10.1002/adfm.202426078,,defects,experimental,n-i-p,pce_champion,25.09,%,resulting in a power conversion efficiency (PCE) of 25.09% for PSCs fabricated in air‐based processes
10.1002/adfm.202510831,,defects,theory,unknown,pce_champion,25.4,%,the fabricated device achieves an impressive power conversion efficiency (PCE) of 25.4%
10.1002/adfm.202515665,,defects,experimental,p-i-n,pce_champion,21.9,%,the inverted CsPbI 3−x Br x PSCs achieved a PCE of 21.9% under 1‐sun equivalent illumination and 42.6% under indoor light emiting diode (LED) lighting
10.1002/aenm.202500678,,defects,theory,unknown,pce_champion,25.49,%,"PSCs passivated with tert‐OAI achieved an impressive efficiency of 25.49%, with a V oc of 1.19 V, a J sc of 25.40 mA cm −"
10.1007/s40820-025-01655-x,,defects,experimental,unknown,pce_champion,24.95,%,"thereby, corresponding PSCs show an enhanced PCE of 24.95%"
10.1002/adma.202412692,,interfaces,experimental,tandem_4T,pce_champion,28.34,%,further delivering an impressive PCE of 28.34% for integrated four‐terminal tandem photovoltaics when combined with CuInGaSe 2 solar cells
10.1038/s41467-025-55815-z,,defects,experimental,n-i-p,pce_champion,25.37,%,This approach enables a power conversion efficiency (PCE) as high as 25.37% (25.18% certified) for n-i-p PSCs with stable operation at 65 °C and 1-sun
10.1038/s41467-025-55815-z,,defects,experimental,n-i-p,pce_certified,25.18,%,achieving certified efficiency of 25.18% for stable n-i-p devices
10.1016/j.esci.2025.100471,,interfaces,experimental,tandem_4T,pce_champion,31.02,%,"Additionally, a four-terminal tandem solar cell exhibits a PCE of 31.02% with +1.19%abs PCE increase for bottom cell by edge surface passivation."
10.1002/aenm.202501556,,interfaces,experimental,tandem_4T,pce_champion,28.71,%,"Four‐terminal all‐perovskite tandem solar cells by combining such a semitransparent WBG subcell with a 1.25 eV low‐bandgap PSC obtains a PCE of 28.71%, among the"
10.1002/anie.202419957,,interfaces,experimental,n-i-p,pce_champion,24.87,%,The FAPbI 3 perovskite solar cells based on BPS‐crosslinked SnO 2 layers achieved a champion efficiency of 24.87 % and retained 95 % of their
10.1002/anie.202514365,,interfaces,experimental,p-i-n,pce_champion,25.91,%,"Optimized devices achieve a champion power conversion efficiency of 25.91% with a high open‐circuit voltage of 1.202 V, while retaining 91% efficiency after 1000 h"
10.1002/anie.202516012,,interfaces,experimental,p-i-n,pce_champion,26.05,%,"Consequently, the power conversion efficiency (PCE) of the optimized perovskite solar cell (PSCs) increased from 24.22% to 26.05%, with the fill factor (FF) rising from"
10.1002/anie.202518800,,interfaces,experimental,tandem_2T,pce_champion,28.74,%,Integrating these devices into two-terminal all-perovskite tandem architectures further delivers a remarkable efficiency of 28.74%.
10.1021/acsenergylett.4c03065,,architecture,experimental,tandem_2T,pce_champion,23.4,%,"This device architecture results in significantly reduced optical and nonradiative losses, leading to champion device efficiency of 23.4% compared to 19.7% with the conventional layers,"
10.1002/adfm.202516393,,interfaces,experimental,n-i-p,pce_champion,25.6,%,"As a result, the optimized device achieves a power conversion efficiency (PCE) of 25.60% with substantially improved operational stability."
10.1021/acsenergylett.5c01081,,defects,experimental,unknown,pce_champion,25.92,%,"By utilizing DAB and BTS for a dual interface synergistic passivation strategy, we achieve an impressive efficiency of 25.92% (certified at 25.13%) and demonstrate remarkable"
10.1021/acsenergylett.5c01081,,defects,experimental,unknown,pce_certified,25.13,%,we achieve an impressive efficiency of 25.92% (certified at 25.13%)
10.1021/jacs.5c13145,,defects,experimental,unknown,pce_champion,25.8,%,"in perovskite solar cells, Rh-Py can markedly reduce nonradiative energy losses and enhance the open-circuit voltage, thereby achieving an impressive PCE of up to 25.80%."
10.1021/acs.jpclett.5c02124,,defects,experimental,unknown,pce_champion,24.12,%,the champion device achieves a power conversion efficiency of 24.12% with negligible hysteresis
10.1002/anie.202513869,,defects,experimental,n-i-p,pce_champion,25.83,%,the device based on MeS-TPA-Cbz-HAI achieved a notable power conversion efficiency (PCE) of 25.83%
10.1002/adfm.202424259,,defects,experimental,unknown,pce_champion,26.04,%,the PhDMADI‐passivated device achieves an impressive efficiency of 26.04%
10.1002/adfm.202507934,,defects,experimental,unknown,pce_champion,26.12,%,PSCs incorporating BAAc achieve a power conversion efficiency (PCE) of 26.12%
10.1002/aenm.202502409,,defects,experimental,unknown,pce_champion,26.39,%,the optimized PSCs demonstrate a champion power conversion efficiency (PCE) of 26.39% (certified 26.03%)
10.1002/aenm.202502409,,defects,experimental,unknown,pce_certified,26.03,%,the optimized PSCs demonstrate a champion power conversion efficiency (PCE) of 26.39% (certified 26.03%)
10.1002/adma.202506114,,interfaces,experimental,unknown,pce_champion,21.0,%,The synergistic effects yield a PCE enhancement from 19.4% to 21.0%.
10.1002/anie.202424483,,interfaces,experimental,unknown,pce_champion,23.61,%,"power conversion efficiencies (PCEs) of 21.64 % and 23.61 % are achieved for target flexible and rigid perovskite solar cells, respectively"
10.1002/adfm.202500168,,interfaces,experimental,p-i-n,pce_champion,22.4,%,The combine benefits enable efficient 1.67 eV WBG PSCs with a power conversion efficiency of 22.4% and a high open circuit voltage of 1.255 V
10.1039/d5ee02650d,,interfaces,experimental,tandem_2T,pce_champion,30.05,%,A cost-effective perovskite/PERC tandem solar cell achieved a record efficiency of 30.05%.
10.1016/j.nanoen.2025.111027,,interfaces,experimental,unknown,pce_champion,25.48,%,the dual-interface modified PSCs achieve a maximum PCE of 25.48 %
10.1002/advs.202512117,,interfaces,experimental,p-i-n,pce_champion,26.35,%,Optimized Me‐4PACz/BPPA‐based PSCs achieve a champion power conversion efficiency (PCE) of 26.35%
10.1002/adma.202500268,,stability,experimental,unknown,pce_champion,25.02,%,PSCs featuring ZnSb2O6‐x ETLs achieved a high power conversion efficiency of 25.02%
10.1002/adma.202503435,,defects,experimental,unknown,pce_champion,25.34,%,perovskite solar cells (PSCs) achieve a remarkable power conversion efficiency of 25.34% in small‐area devices
10.1002/adma.202503435,,defects,experimental,unknown,active_area_cm2,14.0,cm2,21.54% in 14.0 cm2 mini‐modules
10.1002/adma.202507435,,defects,experimental,unknown,pce_champion,24.72,%,the perovskite solar cell (PSC) fabricated using this operando strategy achieved an excellent power conversion efficiency (PCE) of 24.72%
10.1002/adma.202507435,,defects,experimental,unknown,active_area_cm2,61.6,cm2,Large‐area PSC modules fabricated using the proposed strategy achieved a PCE of 19.07% over an active area of 61.6 cm2
10.1002/adma.202507435,,defects,experimental,unknown,t80_h,144,h,retaining 82% of its initial PCE after 1580 h under simulated sunlight and 80% after 144 h under UV light
10.1021/acsaem.5c00341,,interfaces,experimental,unknown,pce_champion,22.97,%,enabling F-PSCs to attain a PCE of 22.97% with enhanced V OC from 1.06 to 1.18 V
10.1002/smll.202504930,,interfaces,experimental,unknown,pce_champion,25.78,%,the perovskite solar cells achieve a power conversion efficiency of 25.78% under simulated AM1.5 light conditions
10.1002/smll.202503256,,defects,experimental,p-i-n,pce_champion,25.47,%,results in the power conversion efficiency (PCE) improved to 25.47% (vs 23.08% of the control)
10.1038/s41467-025-63673-y,,architecture,experimental,tandem_2T,pce_champion,28.9,%,homogeneously passivated devices reaching certified efficiencies of 28.9% for an active area of 60 cm²
10.1038/s41467-025-63673-y,,architecture,experimental,tandem_2T,pce_certified,28.9,%,certified efficiencies of 28.9% for an active area of 60 cm²
10.1038/s41467-025-63673-y,,architecture,experimental,tandem_2T,active_area_cm2,60,cm2,reaching certified efficiencies of 28.9% for an active area of 60 cm²
10.1038/s41467-025-64274-5,,architecture,experimental,tandem_2T,pce_champion,29.6,%,its PCE reaches a significant level of 29.6 % (certified PCE of 28.9%)
10.1038/s41467-025-64274-5,,architecture,experimental,tandem_2T,pce_certified,28.9,%,certified PCE of 28.9%
10.1016/j.enconman.2025.119747,,interfaces,theory,n-i-p,pce_champion,24.28,%,exhibit a balanced interplay of R s and R sh leading to phenomenal efficiencies of 24.28% and 24.09% respectively
10.1126/sciadv.adv4501,,defects,experimental,unknown,pce_champion,29.01,%,enabling the fabrication of MA-free all-perovskite TSCs with an encouraging power conversion efficiency of 29.01% (certified at 28.52%)
10.1126/sciadv.adv4501,,defects,experimental,unknown,pce_certified,28.52,%,certified at 28.52%
10.1002/adma.202510967,,interfaces,experimental,n-i-p,pce_champion,25.3,%,the champion device fabricated entirely in air achieves a power conversion efficiency of 25.30%
10.1038/s41467-025-62393-7,,interfaces,experimental,unknown,pce_champion,24.32,%,our SC-PSCs achieved power conversion efficiency as high as 24.32%
10.1038/s41467-025-63389-z,,interfaces,scale_up,p-i-n,pce_champion,26.98,%,with a PCE of 26.98% (certified 26.65%)
10.1038/s41467-025-63389-z,,interfaces,scale_up,p-i-n,pce_certified,26.65,%,with a PCE of 26.98% (certified 26.65%)
10.1038/s41467-025-63389-z,,interfaces,scale_up,p-i-n,active_area_cm2,764,cm2,large-area module (764 cm2)
10.1038/s41467-025-64111-9,,interfaces,scale_up,p-i-n,pce_champion,26.02,%,PSCs with this HTL achieved a champion PCE of 26.02% (with an active area of 0.0655 cm2)
10.1038/s41467-025-64111-9,,interfaces,scale_up,p-i-n,pce_certified,19.5,%,20.21% at 749.276 cm2 (certified at 19.50%)
10.1038/s41467-025-64111-9,,interfaces,scale_up,p-i-n,active_area_cm2,0.0655,cm2,PSCs with this HTL achieved a champion PCE of 26.02% (with an active area of 0.0655 cm2)
10.1038/s41467-025-66421-4,,interfaces,experimental,p-i-n,pce_champion,26.5,%,achieve a high PCE of 26.5% (certified as 26.28%) and improved stability with T90 > 1000 hours
10.1038/s41467-025-66421-4,,interfaces,experimental,p-i-n,pce_certified,26.28,%,achieve a high PCE of 26.5% (certified as 26.28%) and improved stability with T90 > 1000 hours
10.1021/acsenergylett.5c01010,,stability,experimental,tandem_2T,pce_champion,30.49,%,the industrially textured perovskite/silicon tandem solar cells delivered an impressive efficiency of 30.49% (1.21 cm 2 )
10.1021/acsenergylett.5c01010,,stability,experimental,tandem_2T,active_area_cm2,1.21,cm2,delivered an impressive efficiency of 30.49% (1.21 cm 2 )
10.1021/acsenergylett.5c01010,,stability,experimental,tandem_2T,t80_h,723,h,80% after 723 h of damp heat test (ISOS-D-3)
10.1021/acsenergylett.4c03282,,interfaces,experimental,n-i-p,pce_champion,22.14,%,"as high as 22.14% efficiency has been achieved, demonstrating one of the highest efficiencies of CsPbI 3 perovskite solar cells to date"
10.1007/s40820-025-01763-8,,interfaces,experimental,p-i-n,pce_champion,18.68,%,the inverted CsPbI 3 PSCs achieved an efficiency of 18.68% and demonstrated excellent stability against water and oxygen
10.1007/s40820-025-01775-4,,interfaces,experimental,n-i-p,pce_champion,33.2,%,"a record-high PCE of 33.2% is achieved for Li2CO3-modified C-PSCs under weak light illumination conditions, demonstrating excellent indoor photovoltaic performance"
10.1021/acsami.5c01228,,interfaces,experimental,p-i-n,pce_champion,24.74,%,An outstanding champion efficiency of 24.74% was obtained for the devices
10.1021/acsami.5c15868,,interfaces,experimental,p-i-n,pce_champion,23.31,%,"the small-area (0.0575 cm 2 ) PSCs achieved a champion power conversion efficiency (PCE) of 23.31%, providing an effective strategy and direction for the preparation"
10.1021/acsami.5c15868,,interfaces,experimental,p-i-n,active_area_cm2,0.0575,cm2,the small-area (0.0575 cm 2 ) PSCs achieved a champion power conversion efficiency (PCE) of 23.31%
10.1002/aenm.202405571,,interfaces,experimental,p-i-n,pce_champion,24.82,%,"Finally, the device treated with 9‐YT achieves a power conversion efficiency (PCE) of 24.82%."
10.1002/aenm.202404617,,interfaces,experimental,p-i-n,pce_champion,23,%,"achieving a champion PCE of 23% and an open‐circuit voltage of 0.88 V, which ranks among the highest reported values in the literature"
10.1002/aenm.202500572,,interfaces,experimental,p-i-n,pce_champion,25.3,%,"the target co‐assembled SAM contributes to a champion small‐area device with a power conversion efficiency (PCE) of 25.3% (certified 25.0%), and demonstrates good compatibility with"
10.1002/aenm.202500572,,interfaces,experimental,p-i-n,pce_certified,25.0,%,a champion small‐area device with a power conversion efficiency (PCE) of 25.3% (certified 25.0%)
10.1002/aenm.202500572,,interfaces,experimental,p-i-n,active_area_cm2,1.02,cm2,demonstrates good compatibility with large‐area fabrication by achieving highly reproducible performances in 1.02 cm2 devices
10.1002/aenm.202502006,,interfaces,experimental,n-i-p,pce_champion,21.36,%,"the optimized PFATLI‐modified device achieved a power conversion efficiency (PCE) of 21.36%, an open‐circuit voltage (VOC) of 1.23 V, and a fill factor (FF) of"
10.1002/aenm.202502006,,interfaces,experimental,n-i-p,active_area_cm2,1,cm2,"For the larger‐area devices with an active area of 1 cm2, the PCE reached 17.41%"
10.1016/j.cej.2025.171437,,interfaces,experimental,unknown,pce_champion,26.67,%,resulted in improved short-circuit current ( J SC ) and power conversion efficiency (PCE) of 1.89 % (24.54 mA/cm 2 ) and 3.39 % (26.67
10.1002/adfm.202505921,,interfaces,experimental,unknown,pce_champion,26.04,%,"The resulting rigid, flexible PSCs and modules (25 cm 2 ) achieve PCEs of 26.04%, 24.16%, and 20.40%, respectively"
10.1002/adfm.202505921,,interfaces,experimental,unknown,active_area_cm2,25,cm2,"The resulting rigid, flexible PSCs and modules (25 cm 2 ) achieve PCEs of 26.04%, 24.16%, and 20.40%, respectively"
10.1002/adfm.202512188,,interfaces,experimental,p-i-n,pce_champion,21.19,%,the inverted CsPbI 3 PSCs achieve a remarkably enhanced efficiency of 21.19% along with an enhanced stability with over 98% initial efficiency retained after 600‐hour
10.1002/adfm.202512300,,interfaces,experimental,unknown,pce_champion,14.18,%,"when applicable to PEDOT:PSS and NiO x HTLs in Sn‐PSCs, they present distinct mechanisms yet comparable efficiencies of 14.18% and 14.11%, respectively"
10.1002/adfm.202520372,,interfaces,experimental,p-i-n,pce_champion,26.16,%,"Consequently, BFS‐modified PSCs achieve a PCE of 26.16% with a fill factor of 86.06%, compared to 24.49% for the control device."
10.1039/d4ee05466k,,interfaces,experimental,unknown,pce_champion,25.8,%,resulting in improved PCE from 24.67% to 25.80%
10.1039/d4ee04555f,,interfaces,experimental,unknown,pce_champion,25.69,%,The deprotonation suppressed solar cell obtains a champion efficiency of 25.69% and an ultra-high fill factor of 86.21%.
10.1021/acsnano.4c16440,,defects,theory,unknown,pce_champion,25.47,%,"With a high open-circuit voltage of 1.196 V, the efficiency of the OAAc-treated devices increased from 23.14% to 25.47% on a rigid substrate (23.12% on"
10.1002/adma.202505115,,defects,experimental,p-i-n,pce_champion,27.18,%,"The C8A passivated p‐i‐n inverted PSCs obtain a champion PCE of 27.18% (certified 26.79%), which is the highest PCE for the PSCs using the vacuum"
10.1002/adma.202505115,,defects,experimental,p-i-n,pce_certified,26.79,%,"The C8A passivated p‐i‐n inverted PSCs obtain a champion PCE of 27.18% (certified 26.79%), which is the highest PCE for the PSCs using the vacuum"
10.1002/adma.202512308,,defects,experimental,unknown,pce_champion,22.16,%,AP‐modified CsPbI 3 PSCs achieve significantly enhanced power conversion efficiency of 22.16% and open‐circuit voltage of 1.29 V.
10.1039/d4ee02898h,,architecture,experimental,unknown,pce_champion,28.3,%,And it enables 28.3% APTSCs.
10.1039/d5ee02696b,,architecture,experimental,unknown,pce_champion,28.92,%,enabling all-perovskite tandem solar cells with 28.92% efficiency
10.1002/smll.202504515,,defects,experimental,p-i-n,pce_champion,25.63,%,a power conversion efficiency (PCE) of 25.63% was achieved for SY1-based device which is higher than SY2-based (24.12%) and Y6-based (24.70%) devices.
10.1021/acsaem.5c00747,,defects,experimental,unknown,pce_champion,18.52,%,"Devices employing RK1 and RK4 as interfacial layers achieved power conversion efficiencies (PCEs) of 17.28 and 18.52%, respectively"
10.1002/solr.202500331,,defects,experimental,unknown,pce_champion,24.32,%,MPTM‐passivated devices achieve a champion power conversion efficiency (PCE) of 24.32%
10.1021/acsaem.5c02115,,defects,experimental,n-i-p,pce_champion,14.65,%,"we achieved a PCE of 14.65%, a short-circuit current density of 18.72 mA/cm 2, an open-circuit voltage of 1.062 V, and a fill factor of"
10.1002/smll.202510731,,defects,experimental,unknown,pce_champion,25.3,%,Tbzf‐treated perovskite solar cells achieved a champion power conversion efficiency (PCE) of 25.30%
10.1002/smll.202511139,,defects,experimental,unknown,pce_champion,25.78,%,the device achieves a remarkable PCE power conversion efficiency (PCE) of 25.78% with a negligible hysteresis and an open‐circuit voltage loss of ≈349 mV
10.1021/acsaem.5c02212,,defects,theory,unknown,pce_champion,9.41,%,"the open-circuit voltage ( V OC ) rose from 0.87 to 0.94 V, and the power conversion efficiency (PCE) increased from 7.40% to 9.41%, representing"
10.1002/adma.202419413,,interfaces,experimental,p-i-n,pce_champion,26.74,%,AG‐modified narrow bandgap (1.55 eV) PSC demonstrates an efficiency of 26.74% (certified 26.21%) with a fill factor of 86.65%
10.1002/adma.202419413,,interfaces,experimental,p-i-n,pce_certified,26.21,%,demonstrates an efficiency of 26.74% (certified 26.21%)
10.1038/s41467-025-62388-4,,interfaces,experimental,unknown,pce_champion,26.21,%,"(4-(diphenylamino)phenyl)phosphonic acid-based device achieve power conversion efficiency of 26.21% and 24.49% for small- (0.0715 cm2) and large-area (1 cm2), respectively"
10.1038/s41467-025-62388-4,,interfaces,experimental,unknown,active_area_cm2,0.0715,cm2,"power conversion efficiency of 26.21% and 24.49% for small- (0.0715 cm2) and large-area (1 cm2), respectively"
10.1021/acsnano.5c01479,,interfaces,scale_up,p-i-n,pce_champion,22.15,%,"champion efficiencies of 22.15% (0.16 cm 2 ) and 19.18% (5 cm × 5 cm module) are achieved, which is the highest record for inverted"
10.1021/acsnano.5c01479,,interfaces,scale_up,p-i-n,active_area_cm2,0.16,cm2,champion efficiencies of 22.15% (0.16 cm 2 ) and 19.18% (5 cm × 5 cm module) are achieved
10.1002/anie.202425605,,defects,experimental,p-i-n,pce_champion,25.77,%,the inverted devices using synergistic modulation strategy achieve a maximum PCE of 25.77 % (certified stabilized PCE of 25.59 %)
10.1002/anie.202425605,,defects,experimental,p-i-n,pce_certified,25.59,%,(certified stabilized PCE of 25.59 %)
10.1002/anie.202425605,,defects,experimental,p-i-n,pce_stabilised,25.59,%,(certified stabilized PCE of 25.59 %)
10.1002/anie.202502244,,defects,experimental,p-i-n,pce_champion,25.69,%,the TTFP-based devices exhibit a champion power conversion efficiency (PCE) of 25.69%
10.1002/anie.202505470,,defects,experimental,n-i-p,pce_champion,25.41,%,The n‐i‐p type devices achieved a power conversion efficiency (PCE) of 25.41% (0.09 cm 2 ) and 21.99% (1.01 cm 2 ).
10.1002/anie.202505470,,defects,experimental,n-i-p,active_area_cm2,0.09,cm2,The n‐i‐p type devices achieved a power conversion efficiency (PCE) of 25.41% (0.09 cm 2 ) and 21.99% (1.01 cm 2 ).
10.1002/anie.202510255,,defects,experimental,n-i-p,pce_champion,26.15,%,the 5BT‐modified n‐i‐p PSCs achieved a champion PCE of 26.15% (certified at 26.12%)
10.1002/anie.202510255,,defects,experimental,n-i-p,pce_certified,26.12,%,(certified at 26.12%)
10.1002/anie.202509529,,defects,experimental,n-i-p,pce_champion,25.85,%,the optimal n‐i‐p PSC achieved a champion power conversion efficiency (PCE) of 25.85% alongside enhanced operational stability under simulated 1‐sun illumination over 1200 h
10.1002/anie.202524079,,defects,experimental,p-i-n,pce_champion,26.03,%,devices modified with 2PYET achieved a champion power conversion efficiency of 26.03% for 0.09 cm 2 devices and 24.45% for 1.0 cm 2 devices
10.1002/anie.202524079,,defects,experimental,p-i-n,active_area_cm2,0.09,cm2,devices modified with 2PYET achieved a champion power conversion efficiency of 26.03% for 0.09 cm 2 devices and 24.45% for 1.0 cm 2 devices
10.1002/adfm.202423109,,defects,theory,unknown,pce_champion,19.22,%,PV performance analysis reveals that 3F‐treated 3D/LDP devices achieve the highest efficiency of 19.22%
10.1002/adfm.202425443,,defects,experimental,unknown,pce_champion,26,%,"The resultant PSCs, optimized with BE‐ZnPc, have achieved power conversion efficiencies (PCE) as high as 26% (with a certified PCE of 26.05%)"
10.1002/adfm.202425443,,defects,experimental,unknown,pce_certified,26.05,%,(with a certified PCE of 26.05%)
10.1002/adfm.202425979,,defects,experimental,unknown,pce_champion,25.34,%,significantly enhances their power conversion efficiency from 23.91% to 25.34%
10.1002/adfm.202519195,,defects,experimental,unknown,pce_champion,25.48,%,the efficiency of PSC based on EMIM‐MS is significantly improved to 25.48% from the controlled 22.24%
10.1007/s40820-025-01817-x,,defects,experimental,unknown,pce_champion,21.54,%,The optimized devices achieve a record power conversion efficiency of 21.54% (vs. 19.05% control)
10.1007/s40820-025-01855-5,,defects,experimental,unknown,pce_champion,25.13,%,the Ti 3 C 2 T X -modified PSC achieve a champion PCE of 25.13%
10.1007/s40820-025-01855-5,,defects,experimental,unknown,t80_h,500,h,retaining 80% of the initial PCE after 500 h of thermal aging at 85 °C and 30 ± 5% relative humidity
10.1021/jacs.5c20051,,interfaces,experimental,unknown,pce_champion,26.16,%,"PSCs treated with TMP achieved a power conversion efficiency (PCE) of 26.16%, independently certified at 25.11%"
10.1021/jacs.5c20051,,interfaces,experimental,unknown,pce_certified,25.11,%,independently certified at 25.11%
10.1002/rar2.70082,,interfaces,experimental,n-i-p,pce_champion,23.94,%,"Tau‐modified PSCs achieve a remarkable power conversion efficiency of 23.94%, up from 21.87% for the control devices"
10.1021/acsenergylett.5c00163,,composition,experimental,unknown,pce_champion,14.51,%,"a fully lead-free tandem device based on WBG Sn PSCs was fabricated, achieving a remarkable PCE of 14.51%"
10.1002/aenm.202403682,,interfaces,experimental,tandem_2T,pce_champion,22.8,%,a flexible monolithic Perovskite (PVK)‐CIGS tandem solar cell with the highest efficiency of 22.8% and an extremely high Open‐circuit voltage (V OC ) of 1.82
10.1002/aenm.202501296,,interfaces,theory,unknown,pce_champion,24.68,%,the Ec‐modified PSCs achieve a power conversion efficiency (PCE) of 24.68% (vs 22.56% for control)
10.1002/aenm.202502222,,interfaces,experimental,tandem_2T,pce_champion,31.12,%,the perovskite‐silicon tandem solar cell reaches an efficiency of 31.12%
10.1002/anie.202512061,,interfaces,experimental,none,pce_champion,22.97,%,ultimately achieving a high‐power conversion efficiency of 22.97%
10.1021/acsami.5c18376,,defects,experimental,unknown,pce_champion,24.42,%,the optimized PSCs deliver a power conversion efficiency of 24.42%
10.1002/adfm.202510279,,interfaces,experimental,p-i-n,pce_champion,23.52,%,Devices incorporating CAZ‐NCS‐P achieve a power conversion efficiency of 23.52%
10.1002/adfm.202510279,,interfaces,experimental,p-i-n,t80_h,1951,h,( T 80 = 1951 h)
10.1039/d5ee06342f,,interfaces,experimental,p-i-n,pce_champion,26.45,%,resulting in stable PSCs with a high PCE of up to 26.45%
10.1126/sciadv.adu3493,,interfaces,experimental,p-i-n,pce_champion,26.0,%,The PSCs blade-coated under ambient conditions using Poly-2PACz HTL achieved a remarkable efficiency of 26.0% and outstanding UV stability.
10.1126/sciadv.adu3493,,interfaces,experimental,p-i-n,t80_h,500,h,Our cells retain 80% of the initial PCE even after about 500 hours of high-intensity UV illumination
10.34734/fzj-2025-05790,,architecture,experimental,tandem_2T,pce_champion,25.5,%,which achieve an averaged efficiency of 25.12% and a hero efficiency of 25.5%
10.1002/smll.202504237,,interfaces,theory,p-i-n,pce_champion,16.61,%,Final solar cell is fabricated on optimum Cu doped NiO HTL layers which showed an efficiency of 16.61% with enhanced fill factor (FF) of 77%.
10.1002/solr.202500549,,interfaces,theory,unknown,pce_champion,20.2,%,"of 1.544 V, a J SC of 15.00 mA/cm 2 , a fill factor (FF) of 87.22%, and a power conversion efficiency (PCE) of 20.20%."
10.1002/smll.202506991,,interfaces,theory,n-i-p,pce_champion,18.03,%,the champion power conversion efficiency (PCE) of HTL‐Free C‐PSCs with SO delivers is 18.03%
10.1038/s41467-025-66478-1,,defects,experimental,unknown,pce_champion,26.06,%,achieving a device efficiency of 26.06%
10.1021/acsenergylett.5c02613,,defects,experimental,unknown,pce_champion,24.61,%,The power conversion efficiency increases from 22.75% to 24.61% after PPA treatment
10.1002/smll.202411247,,defects,experimental,unknown,pce_champion,20.24,%,"With the synergistic effects, PANI increases the power conversion efficiency of the champion device from 18.28% to 20.24%."
10.1002/smll.202412837,,defects,experimental,unknown,pce_champion,21.35,%,"As a result, the perovskite solar cells treated with 2‐PyEA achieve impressive power conversion efficiencies (PCEs) of 21.35% and 17.19% for active areas of 0.09"
10.1002/smll.202412837,,defects,experimental,unknown,active_area_cm2,0.09,cm2,"As a result, the perovskite solar cells treated with 2‐PyEA achieve impressive power conversion efficiencies (PCEs) of 21.35% and 17.19% for active areas of 0.09"
10.1002/smll.202411259,,defects,experimental,unknown,pce_champion,24.82,%,"Consequently, the champion power conversion efficiency (PCE) of PSCs is increased from 22.19% to 24.82%."
10.1002/smll.202505659,,defects,theory,p-i-n,pce_champion,24.6,%,passivation strategy remarkably improves the photovoltaic performance of perovskite solar cells (PSCs) with p‐i‐n architecture and leads to a champion power conversion efficiency of 24.6%.
10.1002/smll.202506782,,defects,experimental,n-i-p,pce_champion,25.52,%,"As a result, PSCs treated with CMAF achieve a maximum efficiency of 25.52%, along with superior humidity and long‐term operational stability."
10.1002/smll.202506053,,defects,experimental,n-i-p,pce_champion,24.06,%,"A champion ATPN‐treated PSC achieved a power conversion efficiency (PCE) of 24.06%, compared to 22.15% for the control device."
10.1038/s41467-025-59597-2,,scale_up,scale_up,module,active_area_cm2,16,cm2,"Ultimately, we fabricate a scalable mini-module-sized artificial leaf (16 cm2) consisting of a side-by-side/parallel configuration of photoanode and photocathode architecture integrated with a 4 ×"
10.1021/acsenergylett.5c01437,,interfaces,experimental,p-i-n,pce_champion,25.1,%,"Consequently, the optimal i PSCs achieve a champion power conversion efficiency of 25.1, 23.0, and 22.1% with a cell size of 0.06, 0.25, and 1"
10.1021/acsenergylett.5c01437,,interfaces,experimental,p-i-n,active_area_cm2,0.06,cm2,"Consequently, the optimal i PSCs achieve a champion power conversion efficiency of 25.1, 23.0, and 22.1% with a cell size of 0.06, 0.25, and 1"
10.1021/jacs.5c05341,,interfaces,experimental,p-i-n,pce_champion,25.01,%,"Perovskite solar cells (PSCs) also benefit, with PCE rising from 23.84 to 24.17% (NNN-BO) and 25.01% (NSN-BO)."
10.1002/adfm.202502152,,defects,experimental,unknown,pce_champion,20.1,%,"Under standard sunlight conditions, the devices reach a Power Conversion Efficiency (PCE) of 20.1% and a fill factor of 78.5%, among the best performance parameters"
10.1002/adfm.202511549,,defects,theory,unknown,pce_champion,25.36,%,"shows that BTR‐Cl optimizes energy level alignment, reduces surface defects, and significantly suppresses non‐radiative recombination, leading to a champion power conversion efficiency (PCE) of 25.36%"
10.1002/adfm.202510458,,defects,experimental,unknown,pce_champion,26.51,%,"Consequently, NHMS‐treated PSCs achieved a champion power conversion efficiency (PCE) of 26.51% (certified 26.35%), while centimeter‐sized PSCs exhibit an impressive PCE of 25.15%."
10.1002/adfm.202510458,,defects,experimental,unknown,pce_certified,26.35,%,"Consequently, NHMS‐treated PSCs achieved a champion power conversion efficiency (PCE) of 26.51% (certified 26.35%), while centimeter‐sized PSCs exhibit an impressive PCE of 25.15%."
10.1038/s41467-024-55654-4,,architecture,experimental,tandem_2T,pce_champion,26.0,%,This enables monolithic all-perovskite tandem solar cells with a 26.0% power conversion efficiency at 1 cm2 area and a pioneering photovoltaic-electrochemical system with a maximum
10.1038/s41467-024-55654-4,,architecture,experimental,tandem_2T,active_area_cm2,1,cm2,This enables monolithic all-perovskite tandem solar cells with a 26.0% power conversion efficiency at 1 cm2 area and a pioneering photovoltaic-electrochemical system with a maximum
10.1038/s41467-025-56549-8,,architecture,experimental,tandem_2T,pce_champion,29.33,%,"When further integrated with a 1.79-electron volt MA-free wide-bandgap PSC, a 29.33% (certified 28.11%) efficient MA-free APTSCs with a high Voc of 2.22 volts is"
10.1038/s41467-025-56549-8,,architecture,experimental,tandem_2T,pce_certified,28.11,%,"When further integrated with a 1.79-electron volt MA-free wide-bandgap PSC, a 29.33% (certified 28.11%) efficient MA-free APTSCs with a high Voc of 2.22 volts is"
10.1038/s41467-025-58810-6,,architecture,experimental,tandem_2T,pce_champion,28.55,%,Integrating these cells with wide-bandgap PSCs into all-perovskite tandem solar cells yields a high efficiency of 28.55% (certified 28.31%) with negligible hysteresis.
10.1038/s41467-025-58810-6,,architecture,experimental,tandem_2T,pce_certified,28.31,%,Integrating these cells with wide-bandgap PSCs into all-perovskite tandem solar cells yields a high efficiency of 28.55% (certified 28.31%) with negligible hysteresis.
10.1038/s41467-025-59515-6,,architecture,experimental,tandem_2T,pce_champion,28.5,%,"When integrated with narrow bandgap (NBG) subcell, the two-terminal (2T) TSCs achieve an ameliorative PCE of 28.5% and maintain 90% of the initial PCE after"
10.1038/s41467-025-62391-9,,architecture,experimental,tandem_2T,pce_champion,28.44,%,"Meanwhile, the two-terminal all-perovskite tandem solar cells achieve the champion efficiency of 28.44% (certified 27.92%)."
10.1038/s41467-025-62391-9,,architecture,experimental,tandem_2T,pce_certified,27.92,%,"Meanwhile, the two-terminal all-perovskite tandem solar cells achieve the champion efficiency of 28.44% (certified 27.92%)."
10.1038/s41467-025-62389-3,,architecture,experimental,tandem_2T,pce_champion,33.15,%,"Consequently, the developed tandem solar cells demonstrate certified power conversion efficiencies of up to 33.15% in a one square centimeter area, along with improved device"
10.1038/s41467-025-62389-3,,architecture,experimental,tandem_2T,pce_certified,33.15,%,"Consequently, the developed tandem solar cells demonstrate certified power conversion efficiencies of up to 33.15% in a one square centimeter area, along with improved device"
10.1038/s41467-025-67350-y,,architecture,experimental,tandem_2T,pce_champion,30.71,%,"With well-engineered subcells, our champion perovskite/CIGS tandem device achieved a record PCE of 28.04% at 0.51 cm 2 area and 30.71% at 0.15 cm 2"
10.1038/s41467-025-67350-y,,architecture,experimental,tandem_2T,pce_certified,30.1,%,"subcells, our champion perovskite/CIGS tandem device achieved a record PCE of 28.04% at 0.51 cm 2 area and 30.71% at 0.15 cm 2 area (30.1%"
10.1038/s41467-025-67350-y,,architecture,experimental,tandem_2T,active_area_cm2,0.15,cm2,our champion perovskite/CIGS tandem device achieved a record PCE of 28.04% at 0.51 cm 2 area and 30.71% at 0.15 cm 2 area
10.1038/s41467-025-66479-0,,architecture,scale_up,tandem_2T,pce_champion,25.4,%,"This strategy enables flexible TSCs with a power conversion efficiency (PCE) of 25.4% and a proof-of-concept flexible tandem solar mini-module reaches 19.7%, with theoretical modeling"
10.1038/s41467-025-66480-7,,architecture,experimental,tandem_2T,pce_champion,33.5,%,This also derives an efficient two-terminal perovskite-silicon tandem cell with stabilized efficiency of 33.5% and high VOC of 2.02 V.
10.1038/s41467-025-66480-7,,architecture,experimental,tandem_2T,pce_stabilised,33.5,%,This also derives an efficient two-terminal perovskite-silicon tandem cell with stabilized efficiency of 33.5% and high VOC of 2.02 V.
10.1038/s41467-025-66480-7,,architecture,experimental,tandem_2T,t80_h,3200,h,Both the single-junction and tandem devices show noticeable operational stability that the WBG cells maintain 80% of initial efficiency (T80) after over 3200 hours of
10.1002/aenm.202405441,,defects,experimental,unknown,pce_champion,25.33,%,the TAM vapor treatment device demonstrates an enhanced efficiency of 25.33%
10.1002/aenm.202405441,,defects,experimental,unknown,active_area_cm2,14,cm2,perovskite submodules with an active area of 14 cm 2 are successfully assembled with a efficiency of up to 22.17%
10.1002/aenm.202501113,,defects,experimental,unknown,pce_champion,23.55,%,These beneficial effects improve the power conversion efficiencies (PCEs) of PSCs to 23.03% and 23.55% under 1 sun
10.1002/aenm.202504299,,defects,experimental,p-i-n,pce_champion,20.36,%,inverted 1.77 eV wide‐bandgap PSCs achieve a fill factor of 84.43% and a champion efficiency of 20.36%
10.1002/aenm.202503780,,defects,experimental,unknown,pce_champion,26.6,%,the best‐performing PSCs exhibit an efficiency of 26.6% (certified efficiency of 26.3%) under simulated solar illumination
10.1002/aenm.202503780,,defects,experimental,unknown,pce_certified,26.3,%,the best‐performing PSCs exhibit an efficiency of 26.6% (certified efficiency of 26.3%) under simulated solar illumination
10.1002/aenm.202504647,,defects,scale_up,n-i-p,pce_champion,25.73,%,n‐i‐p structured PSCs employing PTAA achieve PCEs of (25.73 ± 0.35)%
10.1002/aenm.202504647,,defects,scale_up,n-i-p,active_area_cm2,15.17,cm2,a 15.17 cm 2 mini‐module delivering (22.96 ± 0.61)% efficiencies
10.1021/acsnano.5c04978,,architecture,experimental,tandem_2T,pce_champion,28.9,%,Integrating the dipole-optimized top subcell into all-perovskite tandem solar cells achieves a champion efficiency of 28.90% alongside a high V OC of 2.158 V
10.1021/acsami.4c19086,,interfaces,experimental,unknown,pce_champion,22.42,%,"the optimal device exhibits an enhanced efficiency of 22.42%, which is much higher than that of the control one of 20.13%"
10.1021/acsami.4c21627,,interfaces,experimental,p-i-n,pce_champion,24.02,%,"the perovskite composition Cs 0.05 (FA 0.98 MA 0.02 ) 0.95 Pb(I 0.95 Br 0.05 ) 3, the device efficiency increased from 21.99% to 24.02%"
10.1021/acsami.5c11948,,interfaces,experimental,p-i-n,pce_champion,24.1,%,"CBZC2/PFN-Br-based PSCs achieved 24.1% efficiency, outperforming CBZC4/PFN-Br and MeO-2PACz"
10.1021/acsami.5c16972,,interfaces,experimental,p-i-n,pce_champion,23.68,%,the Me-4PACz+PCPTFB modified device achieved an excellent photoelectric conversion efficiency (PCE) of 23.68%
10.1021/acsami.5c23107,,interfaces,experimental,p-i-n,pce_champion,24.37,%,This approach enabled the fabricated devices to attain a champion PCE of 24.37%.
10.1021/acsmaterialslett.5c00057,,defects,experimental,unknown,pce_champion,23.05,%,"Optimal passivation was achieved with QLO, resulting in a power conversion efficiency of 23.05% and enhanced stability, retaining 89.0% of initial performance after 1050 h"
10.1002/aenm.202405367,,interfaces,theory,p-i-n,pce_champion,25.4,%,"Consequently, the resulting hybrid SAMs‐modified PSC achieve a champion photoelectric conversion efficiency (PCE) of 25.4% and demonstrated better operational stability."
10.1002/aenm.202501206,,interfaces,scale_up,n-i-p,pce_champion,25.61,%,"These enhancements result in superior device performance, with normal‐structure device achieving an efficiency of 25.61%, surpassing control device with efficiency of 23.43%."
10.1002/aenm.202501206,,interfaces,scale_up,n-i-p,active_area_cm2,18.55,cm2,"Additionally, the PCE of a mini‐module with an active area of 18.55 cm 2 achieved 21.72%, surpassing control device with efficiency of 19.76%."
10.1002/aenm.202502000,,interfaces,scale_up,module,pce_champion,25.9,%,"As a result, the champion PSC achieves an impressive power conversion efficiency of 25.9% with excellent stability."
10.1016/j.cej.2025.171573,,interfaces,experimental,n-i-p,pce_champion,22.2,%,"perovskite grains and energy level matching of perovskite/HTL interface are improved, which increase the PCE of PSCs prepared in air from 20.67 % to 22.20"
10.1002/anie.202504304,,interfaces,experimental,p-i-n,pce_champion,25.54,%,SPPaTFA‐modified PSCs deliver a champion power conversion efficiency of 25.54% with a superior long‐term stability under both light and thermal stress.
10.1002/anie.202502994,,interfaces,experimental,p-i-n,pce_champion,25.0,%,The F16CuPc induced perovskite homojunction solar cells achieved a champion efficiency of 25.0% and it retained over 80% of its initial efficiency for more than
10.1002/anie.202508169,,interfaces,experimental,n-i-p,pce_champion,25.95,%,"Consequently, the incorporation of CIT helps achieve a champion power conversion efficiency (PCE) of 25.95% (0.07065 cm 2 ) in PSC with improved shelf life/light"
10.1002/anie.202508169,,interfaces,experimental,n-i-p,active_area_cm2,0.07065,cm2,"Consequently, the incorporation of CIT helps achieve a champion power conversion efficiency (PCE) of 25.95% (0.07065 cm 2 ) in PSC with improved shelf life/light"
10.1002/anie.202519875,,interfaces,experimental,p-i-n,pce_champion,26.39,%,"Devices employing Zn-PT-COF-modified SAMs exhibit a champion power conversion efficiency of 26.39% (certified as 26.12%) with negligible hysteresis and outstanding operational stability, retaining 95% of"
10.1002/anie.202519875,,interfaces,experimental,p-i-n,pce_certified,26.12,%,"Devices employing Zn-PT-COF-modified SAMs exhibit a champion power conversion efficiency of 26.39% (certified as 26.12%) with negligible hysteresis and outstanding operational stability, retaining 95% of"
10.1002/adfm.202501773,,interfaces,experimental,unknown,pce_champion,25.65,%,achieving a peak efficiency of 25.65%
10.1002/adfm.202418611,,interfaces,experimental,n-i-p,pce_champion,24.77,%,thus resulting in a champion power conversion efficiency (PCE) of 24.77%
10.1002/adfm.202501850,,interfaces,experimental,n-i-p,pce_champion,25.08,%,the best‐performing PSCs obtain a power conversion efficiency of 25.08%
10.1002/adfm.202508510,,interfaces,experimental,p-i-n,pce_champion,25.4,%,demonstrate 25.4% power conversion efficiency with significantly improved reproducibility
10.1002/adfm.202515859,,interfaces,experimental,p-i-n,pce_champion,25.32,%,the PPFES‐tailored PSCs deliver a champion power conversion efficiency (PCE) as high as 25.32%
10.1002/adfm.202522445,,interfaces,experimental,p-i-n,pce_champion,25.48,%,The FDBA‐based PSCs deliver an impressive PCE of 25.48%
10.1002/adfm.202522376,,interfaces,experimental,n-i-p,pce_champion,25.75,%,The MXene‐adjusted perovskite solar cells measured a record PCE of 25.75%
10.1021/acsenergylett.4c03370,,architecture,experimental,tandem_2T,pce_champion,23.87,%,"the Sn–Pb PSCs achieve a power conversion efficiency of 23.87%, the highest reported value for Sn–Pb cells on PTAA"
10.1021/acsenergylett.4c03370,,architecture,experimental,tandem_2T,pce_certified,27.17,%,the all-perovskite tandems deliver an efficiency of 27.61% (certified 27.17%)
10.1021/acsenergylett.5c01995,,architecture,experimental,tandem_2T,pce_champion,28.86,%,the all-perovskite tandem cell with TCEP exhibits a champion PCE of 28.86%
10.1021/acsami.5c09193,,defects,theory,unknown,pce_champion,22,%,the BF 4 – -modified Pc delivers a power conversion efficiency (PCE) exceeding 22% and exhibits superior stability under continuous illumination and thermal stress
10.1002/adma.202511235,,composition,experimental,unknown,pce_champion,26.41,%,"Consequently, PyPAI-optimized PSCs achieve a remarkable PCE of 26.41% with superior environmental and operational stability."
10.1039/d5ta08178e,,interfaces,experimental,unknown,pce_champion,15,%,enabling dense ultrathin perovskite films with suppressed nanoporosity and ∼15% efficient semitransparent ST-PSCs for day–night ambient-light harvesting
10.1021/acs.jpclett.5c03486,,interfaces,experimental,p-i-n,pce_champion,23,%,The resulting PSCs with this hybrid interface achieve a champion efficiency exceeding 23% along with enhanced device stability.
10.1007/s40820-025-01838-6,,scale_up,experimental,unknown,pce_champion,23.0,%,"As a result, a power conversion efficiency (PCE) of 23.0% was achieved on small-area WBG PSCs"
10.1007/s40820-025-01838-6,,scale_up,experimental,unknown,active_area_cm2,10.5,cm2,"while mini-modules with an aperture area of 10.5 cm 2 exhibited a PCE of 20.2%, among the highest reported for solar cells prepared with WBG"
10.1038/s41467-025-67027-6,,defects,experimental,unknown,pce_champion,24.47,%,"the tensile strain-induced modifications in the microstructure and photovoltaic performance of perovskite films, the flexible perovskite solar cells achieve a power conversion efficiency of 24.47%."
10.1021/acsnano.4c16916,,defects,experimental,unknown,pce_champion,22.1,%,"Eventually, the low-temperature printable C-PSCs and modules achieve the highest reported efficiency of 22.1 and 18.0%, respectively"
10.1021/acsnano.5c13163,,interfaces,experimental,unknown,pce_champion,22.67,%,"Consequently, 4PACz-TMABr-based Sn–Pb PSCs achieve a champion power conversion efficiency of 22.67% in small-area devices and 17.61% in 1 cm 2 devices, along with improved"
10.1021/acsnano.5c13163,,interfaces,experimental,unknown,active_area_cm2,1,cm2,17.61% in 1 cm 2 devices
10.1021/acsenergylett.5c02116,,defects,experimental,n-i-p,pce_champion,24.9,%,"The resulting devices exhibit a power conversion efficiency (PCE) of 24.9%, the highest reported for n-i-p HPSCs employing poly(bis(4-phenyl)(2,4,6-trimethylphenyl)amine) as the hole transport layer."
10.1021/acsenergylett.5c02738,,defects,experimental,tandem_2T,pce_champion,21.27,%,"Consequently, the champion WBG PSC delivers V OC = 1.29 V, J SC = 20.0 mA cm –2, FF = 82.8%, and PCE = 21.27%,"
10.1038/s41467-024-55376-7,,architecture,experimental,tandem_2T,pce_champion,25.34,%,"Br with various organic cells benefit from a substantial current gain of >1.5 mA/cm 2 in organic rear cells, achieving a champion efficiency of 25.34%."
10.1002/pip.3920,,defects,experimental,unknown,pce_champion,21.25,%,"The optimal devices demonstrate a remarkable champion photovoltaic conversion efficiency of 21.25%, with a notable improvement of 7.4% compared to the Cs‐FA‐PbI 3 devices."
10.1002/cnl2.70042,,interfaces,experimental,n-i-p,pce_champion,25.82,%,"Consequently, the quality of both SnO 2 and perovskite films is significantly improved, which greatly boosts the power conversion efficiency of small‐size PSCs to 25.82%,"
10.1002/solr.202500173,,defects,review,tandem_2T,pce_champion,30.59,%,"Furthermore, the fabricated perovskite/silicon tandem solar cells achieve an impressive efficiency of 30.59%."
10.1021/acsaem.5c02901,,defects,experimental,n-i-p,pce_champion,18.76,%,"Optimized concentrations (3 mg mL –1 bottom, 2 mg mL –1 top) deliver a champion power conversion efficiency (PCE) of 18.76%, with Voc = 1.1"
10.1021/acsaem.5c03201,,defects,experimental,p-i-n,pce_champion,21.17,%,The optimized inverted PSCs with a 1.7 eV band gap demonstrated an excellent efficiency of 21.17% and retained 83% of their initial efficiency after being
10.1007/s12598-025-03346-3,,interfaces,experimental,p-i-n,pce_champion,22.22,%,"The efficiency of the champion cell was 22.22% at 1.5 AM (0.2 cm 2 ), which was a notable enhancement compared to solar cells of"
10.1007/s12598-025-03346-3,,interfaces,experimental,p-i-n,active_area_cm2,0.2,cm2,"The efficiency of the champion cell was 22.22% at 1.5 AM (0.2 cm 2 ), which was a notable enhancement compared to solar cells of"
10.1007/s40820-025-01846-6,,interfaces,experimental,n-i-p,pce_champion,25.5,%,"generation of diverse charged defects but also serves as an effective electron transport pathway, resulting in improved power conversion efficiency (PCE) from 23.19 to 25.50%"
10.1007/s40820-025-01846-6,,interfaces,experimental,n-i-p,active_area_cm2,1,cm2,"Additionally, the PCEs of the flexible and large-area (1 cm2) devices were increased to 24.92% and 24.01%, respectively, demonstrating the universal applicability of the bilateral"
10.1002/anie.202502950,,defects,experimental,p-i-n,pce_champion,26,%,"Consequently, PSCs employing FuPE:PCBM as the ETL achieve reduced trap‐assisted recombination, enhanced charge carrier extraction, and thus a remarkable power conversion efficiency exceeding 26% alongside"
10.1002/anie.202507182,,defects,experimental,n-i-p,pce_champion,25.25,%,"This leads to an improved electron extraction efficiency, prolonged hot‐carrier cooling, and a champion power conversion efficiency (PCE) of 25.25% (compared to 23.64% for controls),"
10.1002/anie.202509782,,defects,experimental,tandem_2T,pce_champion,32.33,%,"Furthermore, this strategy achieves a 32.33% PCE (31.47% certified stabilized PCE) for a 0.945 cm 2 monolithic perovskite/silicon tandem cell, delivering an ultra‐high 1.992 V"
10.1002/anie.202509782,,defects,experimental,tandem_2T,pce_certified,31.47,%,"Furthermore, this strategy achieves a 32.33% PCE (31.47% certified stabilized PCE) for a 0.945 cm 2 monolithic perovskite/silicon tandem cell, delivering an ultra‐high 1.992 V"
10.1002/anie.202509782,,defects,experimental,tandem_2T,active_area_cm2,0.945,cm2,"Furthermore, this strategy achieves a 32.33% PCE (31.47% certified stabilized PCE) for a 0.945 cm 2 monolithic perovskite/silicon tandem cell, delivering an ultra‐high 1.992 V"
10.1002/anie.202518169,,defects,experimental,p-i-n,pce_champion,19.08,%,"As a result, modified WBG PSCs realized a champion efficiency of 19.08% with reinforced durability."
10.1021/acsami.5c01338,,interfaces,experimental,p-i-n,pce_champion,9.03,%,"Thus, TA-modified Sn-PSCs achieve a champion power conversion efficiency of 9.03%, surpassing 6.92% of the control PSCs."
10.1021/acsami.5c15951,,interfaces,experimental,p-i-n,pce_champion,21.29,%,"As a result, a champion power conversion efficiency (PCE) of 21.29% is achieved for a 1.65 eV bandgap WB-PSC."
10.1021/acsami.5c16155,,interfaces,experimental,n-i-p,pce_champion,19.15,%,"Owing to this dual interface passivation, the device achieves a photovoltaic conversion efficiency of 19.15% with notably enhanced stability, offering a technically feasible pathway with"
10.1002/adfm.202420084,,defects,experimental,unknown,pce_champion,25.28,%,"Consequently, the MC‐based perovskite solar cell (PSC) achieves a champion power conversion efficiency (PCE) of 25.28%, surpassing that of the NC‐treated device, which exhibits a"
10.1002/adfm.202423397,,defects,experimental,module,pce_champion,19.32,%,The optimal CsPbI3 PSM (active area of 12.44 cm2) based on 2D CHEA2PbI4 achieves a record‐high efficiency of 19.32% (certified efficiency of 18.83%) with much
10.1002/adfm.202423397,,defects,experimental,module,pce_certified,18.83,%,The optimal CsPbI3 PSM (active area of 12.44 cm2) based on 2D CHEA2PbI4 achieves a record‐high efficiency of 19.32% (certified efficiency of 18.83%) with much
10.1002/adfm.202423397,,defects,experimental,module,active_area_cm2,12.44,cm2,The optimal CsPbI3 PSM (active area of 12.44 cm2) based on 2D CHEA2PbI4 achieves a record‐high efficiency of 19.32% (certified efficiency of 18.83%) with much
10.1002/adfm.202502422,,defects,experimental,tandem_2T,pce_champion,25.06,%,"Most notably, a PCE of 25.06% is achieved by integrating the perovskite device as a wide‐bandgap subcell into the monolithic perovskite‐organic tandem solar cell."
10.1002/anie.202515860,,interfaces,experimental,p-i-n,pce_champion,15.11,%,"Consequently, the optimized device achieved an impressive power conversion efficiency of 15.11% along with excellent operational stability under various conditions."
10.1002/aenm.202503781,,defects,experimental,p-i-n,pce_champion,26.34,%,"Consequently, NUNB‐treated PSC achieves an excellent power conversion efficiency (PCE) of 26.34% (certified 26.03%), along with outstanding thermal and operational stability."
10.1002/aenm.202503781,,defects,experimental,p-i-n,pce_certified,26.03,%,"Consequently, NUNB‐treated PSC achieves an excellent power conversion efficiency (PCE) of 26.34% (certified 26.03%), along with outstanding thermal and operational stability."
10.1007/s40820-025-01913-y,,defects,experimental,unknown,pce_champion,25,%,"Interestingly, the devices based on 4F-BA demonstrated an efficiency exceeding 25% with greater longevity under various storage conditions compared to 4TF-BA-based and the control devices."
10.1186/s40580-025-00492-3,,architecture,experimental,tandem_2T,pce_champion,21.95,%,"As a result, tandem devices comprising an aluminum back-surface field p-type homojunction Si bottom cell and a p-i-n perovskite top cell achieve 21.95% power conversion"
10.1039/d5ta04259c,,architecture,experimental,tandem_2T,pce_champion,26.56,%,"and noble metal-free charge recombination layer is constructed, which enables the fabrication of monolithic all-perovskite tandem solar cells with an efficiency as high as 26.56%."
10.1002/inf2.12656,,defects,experimental,tandem_2T,pce_champion,27.47,%,"This enables the fabrication of all‐perovskite tandem solar cells with PCEs of 27.47% and 26.27% for aperture areas of 0.0935 and 1.02 cm2, respectively."
10.1002/inf2.12656,,defects,experimental,tandem_2T,pce_certified,21.42,%,"facilitates charge extraction and extends the charge carrier lifetime, resulting in an NBG device with power conversion efficiency (PCE) of 22.04% (certified PCE of 21.42%)"
10.1002/inf2.12656,,defects,experimental,tandem_2T,active_area_cm2,0.0935,cm2,"This enables the fabrication of all‐perovskite tandem solar cells with PCEs of 27.47% and 26.27% for aperture areas of 0.0935 and 1.02 cm2, respectively."
10.1039/d5ee04570c,,defects,experimental,unknown,pce_champion,25.2,%,A bimolecular amine vapor passivation (BAVP) strategy enables 25.2% efficient blade-coated FAPbI 3 solar cells with outstanding thermal stability.
10.1002/smll.202409525,,interfaces,experimental,n-i-p,pce_champion,20.49,%,"based on CsPbI3 with SnO2 ETL show a notable increase in power conversion efficiency, from 17.46% for the device without the MS treatment to 20.49%"
10.1021/acs.jpclett.5c00756,,interfaces,experimental,tandem_4T,pce_champion,23.69,%,achieving a power conversion efficiency (PCE) of 23.69% in a four-terminal (4T) perovskite–organic tandem solar cell (TSC)
10.1021/acsaem.5c01107,,interfaces,experimental,p-i-n,pce_champion,24.9,%,The photovoltaic efficiency of the resulting devices increases from 23.0% to 24.9%
10.1002/smll.202502097,,interfaces,experimental,p-i-n,pce_champion,25.14,%,"inverted solar cells utilizing an FAPbI 3 perovskite layer, prepared under ambient conditions (T≈25 °C, RH≈50%), achieve a power conversion efficiency (PCE) of 25.14%"
10.1002/solr.202500665,,interfaces,experimental,n-i-p,pce_champion,24.7,%,"KPP‐modified PSCs exhibit a champion power conversion efficiency of 24.70%, with an enhanced open‐circuit voltage of 1.17 V and minimal hysteresis"
10.1021/acsami.4c20610,,defects,experimental,p-i-n,pce_champion,21.99,%,The power conversion efficiency (PCE) of the PSCs as high as 21.99% was obtained.
10.1002/aenm.202502639,,scale_up,scale_up,module,pce_champion,20.16,%,the PSM achieves a champion power conversion efficiency (PCE) of 20.16% (active area: 63.09 cm 2 )
10.1002/aenm.202502639,,scale_up,scale_up,module,active_area_cm2,63.09,cm2,the PSM achieves a champion power conversion efficiency (PCE) of 20.16% (active area: 63.09 cm 2 )
10.1126/sciadv.ady3621,,architecture,experimental,tandem_4T,pce_champion,28.46,%,"the corresponding blade-coated two- and four-terminal all-perovskite TSCs demonstrated high PCEs of 27.34 and 28.46%, respectively"
10.1126/sciadv.ady3621,,architecture,experimental,tandem_4T,pce_certified,19.72,%,blade-coated 1.77-electron volt-bandgap perovskite solar cells achieved a power conversion efficiency (PCE) of 20.35% (certified 19.72%)
10.1126/sciadv.ady3621,,architecture,experimental,tandem_4T,active_area_cm2,0.07,cm2,1.77-electron volt-bandgap perovskite solar cells achieved a power conversion efficiency (PCE) of 20.35% (certified 19.72%) with an open-circuit voltage of 1.35 volts for a ~0.07-square
10.1002/cey2.70123,,interfaces,scale_up,unknown,pce_champion,16.06,%,"The optimized devices achieve a power conversion efficiency (PCE) of 16.06%, with an independently certified efficiency of 15.3%"
10.1002/cey2.70123,,interfaces,scale_up,unknown,pce_certified,15.3,%,"The optimized devices achieve a power conversion efficiency (PCE) of 16.06%, with an independently certified efficiency of 15.3%"
10.1038/s41467-025-58047-3,,interfaces,experimental,tandem_2T,pce_champion,26.05,%,"The resulting perovskite/organic TSCs achieve a power conversion efficiency (PCE) of 26.05%, with an open-circuit voltage of 2.21 V (certified at 2.216 V)"
10.1021/acsnano.5c07208,,interfaces,scale_up,p-i-n,pce_champion,25.49,%,"the champion device achieves an improved PCE of 25.49%, with a V OC of 1.172 V, a J SC of 25.54 mA cm –2, and"
10.1021/acsnano.5c07208,,interfaces,scale_up,p-i-n,pce_certified,22.09,%,the mini-module device achieved a champion efficiency of 22.09% (certified efficiency) with an active area of 8.5 cm 2
10.1021/acsnano.5c07208,,interfaces,scale_up,p-i-n,active_area_cm2,8.5,cm2,the mini-module device achieved a champion efficiency of 22.09% (certified efficiency) with an active area of 8.5 cm 2
10.1021/acsnano.5c09464,,defects,experimental,unknown,pce_champion,26.04,%,"The rigid and flexible PSCs delivered power conversion efficiencies of 26.04 and 24.16%, respectively."
10.1021/acssuschemeng.5c01482,,defects,experimental,unknown,pce_champion,13.33,%,"the open-circuit voltage of the BNa3Ac device exhibits a significant increase from 857 to 906 mV, generating a champion power conversion efficiency of 13.33%"
10.1002/adma.202507730,,stability,experimental,p-i-n,pce_champion,26.47,%,"Incorporating this modified NiO x into inverted devices, a champion power conversion efficiency (PCE) of 26.47% is achieved"
10.1002/adma.202513600,,stability,experimental,p-i-n,pce_champion,26.67,%,the PSCs achieve high PCEs of up to 26.67% and 21.05% for small‐area devices (active area: 0.049 cm 2 ) and large‐area modules (active area:
10.1002/adma.202513600,,stability,experimental,p-i-n,active_area_cm2,0.049,cm2,the PSCs achieve high PCEs of up to 26.67% and 21.05% for small‐area devices (active area: 0.049 cm 2 ) and large‐area modules (active area:
10.1002/adma.202511062,,stability,experimental,unknown,pce_champion,25.78,%,Methylamine-free PSC fabricated using this approach achieved a power conversion efficiency of 25.78%.
10.1002/adma.202517573,,stability,experimental,p-i-n,pce_champion,26.44,%,PSCs with INPs exhibit high efficiency of 26.44% with good operational stability under ISOS-L-2 protocol
10.1002/adfm.202519377,,stability,experimental,unknown,pce_champion,25.49,%,The power conversion efficiencyof TECP‐encapsulated devices remains virtually unchanged (25.49% before versus 25.41% after encapsulation)
10.1021/acsenergylett.5c00457,,interfaces,experimental,p-i-n,pce_champion,24.17,%,"A champion efficiency of 24.17% was achieved for 1.56 eV bandgap PSCs, outperforming non-cross-linked counterparts (22.02%)."
10.1021/acsenergylett.5c01128,,interfaces,experimental,unknown,pce_champion,14.95,%,The TMCB ETL has been demonstrated to facilitate CsSnI 3 -based perovskite solar cells to achieve a remarkable power conversion efficiency of 14.95% with a
10.1021/jacs.5c05801,,interfaces,experimental,p-i-n,pce_champion,26.11,%,"TPA2P-based inverted PSCs achieve a high power conversion efficiency of 26.11%, an exceptional fill factor of 85.03%, and outstanding operational stability under continuous illumination."
10.1007/s40820-024-01631-x,,stability,experimental,tandem_2T,pce_champion,31.5,%,"When integrated with double-textured silicon heterojunction solar cells, a remarkable PCE of 31.5% is achieved for a 1.04 cm2 monolithic perovskite/silicon tandem solar cell, exhibiting"
10.1007/s40820-024-01631-x,,stability,experimental,tandem_2T,active_area_cm2,1.04,cm2,a remarkable PCE of 31.5% is achieved for a 1.04 cm2 monolithic perovskite/silicon tandem solar cell
10.1007/s40820-024-01631-x,,stability,experimental,tandem_2T,t80_h,755,h,exhibiting excellent long-term operational stability (T 80 = 755 h) without encapsulation in ambient air
10.1002/adma.202500988,,composition,experimental,unknown,pce_champion,25.6,%,The passivation of SMOR-based 1D perovskite boosts the device efficiency to 25.6% (certified 24.7%).
10.1002/adma.202500988,,composition,experimental,unknown,pce_certified,24.7,%,The passivation of SMOR-based 1D perovskite boosts the device efficiency to 25.6% (certified 24.7%).
10.1002/adma.202500988,,composition,experimental,unknown,t80_h,1000,h,the unpackaged device can maintain >80% of its initial efficiency after stable operation at 85 °C for 1000 h
10.1002/adma.202501156,,composition,experimental,unknown,pce_champion,11.18,%,"Consequently, a quasi-2D RP Sn-based PSC with a champion efficiency of 11.18% is obtained."
10.1126/science.ado2351,,defects,experimental,p-i-n,pce_champion,26.2,%,Planar p-i-n PSCs (0.074 square centimeters) and modules (9.6 square centimeters) with MoS 2 /perovskite/MoS 2 configuration achieve PCEs up to 26.2% (certified steady-state PCE
10.1126/science.ado2351,,defects,experimental,p-i-n,pce_certified,25.9,%,PSCs (0.074 square centimeters) and modules (9.6 square centimeters) with MoS 2 /perovskite/MoS 2 configuration achieve PCEs up to 26.2% (certified steady-state PCE of 25.9%)
10.1126/science.ado2351,,defects,experimental,p-i-n,active_area_cm2,0.074,cm2,Planar p-i-n PSCs (0.074 square centimeters) and modules (9.6 square centimeters) with MoS 2 /perovskite/MoS 2 configuration achieve PCEs up to 26.2% (certified steady-state PCE
10.1021/acsaem.4c02618,,defects,experimental,unknown,pce_champion,24.19,%,"Specifically, the V OC of the modified device increases from 1.09 to 1.17 V, and the PCE reaches 24.19%."
10.1021/acsaem.4c02534,,defects,experimental,unknown,pce_champion,12.85,%,"substantial improvements in the FASnI 3 film resulted in an enhanced open-circuit voltage, elevating the power conversion efficiency of Sn-PSC from 10.23% (pristine) to 12.85%"
10.1021/acsaem.5c00084,,defects,experimental,n-i-p,pce_champion,16.15,%,"Through effective management of crystallization and defect passivation, we observe a substantial increase in PCE from 13.44% to 16.15%."
10.1002/smll.202500695,,defects,experimental,unknown,pce_champion,22.59,%,"As a result, CF351‐doped PSCs achieve a PCE of 22.59%, significantly surpassing the 20.42% of control devices."
10.1002/ente.202500305,,defects,experimental,unknown,pce_champion,17.91,%,"With the GA2SO4‐modification, hole‐selective layer ‐free carbon‐electrode‐based PSCs (C‐PSCs) are fabricated and exhibited a higher power conversion efficiency of 17.91%, followed by enhanced environmental stability."
10.1002/smll.202412628,,defects,experimental,n-i-p,pce_champion,24.75,%,the target PSC realizes 24.75% power conversion efficiency (PCE) and retains 92% for 1100 h during maximum power point tracking (MPPT) at room temperature
10.1002/smll.202412628,,defects,experimental,n-i-p,t80_h,2500,h,over 80% of initial PCE has been reserved after 2500 h aging in 25–30% relative humidity (RH)
10.1021/acs.jpclett.5c00521,,defects,experimental,p-i-n,pce_champion,25.06,%,"the IP1-modified device achieves a high power conversion efficiency (PCE) of 25.06%, representing the highest value among n-type polymer-incorporated PSCs"
10.1002/solr.202500153,,defects,experimental,unknown,pce_champion,21.31,%,Optimized PSCs with APz achieve a power conversion efficiency (PCE) of 21.31% and retain over 94% of their initial PCE after 20 days of ambient
10.1021/acs.jpclett.5c01155,,defects,experimental,unknown,pce_champion,23.85,%,the champion PCE of the optimized perovskite solar cells (PSCs) was increased from 21.69 to 23.85% at the appropriate GMS post-treatment concentration
10.1021/acs.jpclett.5c00961,,defects,experimental,unknown,pce_champion,24.74,%,"our champion rigid and flexible PSCs utilizing CF 3 PMAI high-temperature annealing achieve remarkable power conversion efficiencies (PCEs) of 24.74% and 23.82%, respectively"
10.1002/solr.202500351,,defects,experimental,n-i-p,pce_champion,17.27,%,"the TMBr‐modified device achieved a remarkable open‐circuit voltage ( V OC ) of 1.324 V, and thus, associated with a high PCE of 17.27%"
10.1021/acs.jpclett.5c01590,,defects,experimental,unknown,pce_champion,25.23,%,an encouraging power conversion efficiency (PCE) of 25.23% was achieved with impressive stability
10.1021/acs.jpclett.5c01590,,defects,experimental,unknown,active_area_cm2,65,cm2,a PCE of 20% was obtained for large-area (65 cm 2 ) modules
10.1021/acsaem.5c01626,,defects,experimental,unknown,pce_champion,21.82,%,an efficiency increases from 18.07 to 21.82% was achieved at a low concentration of 0.2 mg/mL
10.1021/acsaem.5c01079,,defects,experimental,p-i-n,pce_champion,19.3,%,"Optimized incorporation of TFM-PBA (1 mg/mL) yields a power conversion efficiency (PCE) of 19.3%, significantly higher than 15.0% for the control"
10.1002/solr.202500529,,defects,experimental,unknown,pce_champion,11.09,%,"the device showed a power conversion efficiency enhancement from 9.77% to 11.09%, together with notably improved device stability"
10.1021/acsaem.5c02987,,defects,experimental,p-i-n,pce_champion,26.06,%,"The optimized device achieved a power conversion efficiency (PCE) of 26.06%, which is significantly higher than the 23.75% achieved by the control group"
10.3390/nano15201602,,defects,experimental,unknown,pce_champion,16.85,%,"the champion device with KSCN (0.5 mol%) + KCl (1 mol%) exhibits a power conversion efficiency (PCE) of 16.85%, representing a 19.4% improvement over the"
10.1021/acsami.5c04349,,interfaces,experimental,p-i-n,pce_champion,10.2,%,the dual interface modification delivers a power conversion efficiency (PCE) of 10.2% with a fill factor of 82.3%
10.1002/aenm.202405675,,interfaces,experimental,tandem_2T,pce_champion,29.8,%,a 1 cm2 monolithic perovskite/silicon tandem device achieving a PCE of 29.8% is demonstrated
10.1002/aenm.202405675,,interfaces,experimental,tandem_2T,active_area_cm2,1,cm2,a 1 cm2 monolithic perovskite/silicon tandem device achieving a PCE of 29.8% is demonstrated
10.1002/aenm.202500410,,interfaces,experimental,unknown,pce_champion,25.02,%,"an efficiency of 25.02% is achieved, along with exceptional operational stability"
10.1002/aenm.202503252,,interfaces,experimental,p-i-n,pce_champion,26.78,%,Devices based on MCC‐doped SAMs achieve outstanding power conversion efficiencies of 26.78% (certified 300s steady‐state 26.65%) and 23.78% for PSCs based on 1.53 and 1.67
10.1002/aenm.202503252,,interfaces,experimental,p-i-n,pce_certified,26.65,%,Devices based on MCC‐doped SAMs achieve outstanding power conversion efficiencies of 26.78% (certified 300s steady‐state 26.65%) and 23.78% for PSCs based on 1.53 and 1.67
10.1002/anie.202500947,,interfaces,experimental,unknown,pce_champion,25.8,%,"an impressive power conversion efficiency (PCE) of 25.8 % is obtained, setting a new efficiency benchmark for single-crystal PSCs"
10.1002/anie.202502221,,interfaces,theory,p-i-n,pce_champion,21.6,%,"the TPAI‐treated CsPbI 3 PSCs achieve a high power conversion efficiency (PCE) of 21.60%, the highest reported value for inverted CsPbI 3 PSCs, maintaining 96.71%"
10.1002/anie.202424479,,interfaces,experimental,n-i-p,pce_champion,24.22,%,the power conversion efficiency (PCE) value of the AMPA‐modified PSCs is enhanced from 19.91% to 24.22%
10.1002/anie.202512660,,interfaces,scale_up,p-i-n,pce_champion,26.58,%,the regulated SAMs based inverted PSCs (0.09 cm 2 ) and mini‐module (aperture area of 14.40 cm 2 ) achieves efficiency of 26.58% (certificated 25.81%)
10.1002/anie.202512660,,interfaces,scale_up,p-i-n,pce_certified,25.81,%,the regulated SAMs based inverted PSCs (0.09 cm 2 ) and mini‐module (aperture area of 14.40 cm 2 ) achieves efficiency of 26.58% (certificated 25.81%)
10.1002/anie.202512660,,interfaces,scale_up,p-i-n,active_area_cm2,0.09,cm2,the regulated SAMs based inverted PSCs (0.09 cm 2 ) and mini‐module (aperture area of 14.40 cm 2 ) achieves efficiency of 26.58% (certificated 25.81%)
10.1002/anie.202518552,,interfaces,experimental,unknown,pce_champion,20.7,%,"the optimized devices achieved a champion power conversion efficiency of 20.7%, among the highest for fully solution‐processed planar HTL‐free C‐PSCs"
10.1002/anie.202511317,,interfaces,experimental,p-i-n,pce_champion,25.47,%,"the optimized devices using vacuum-evaporated SAM films achieve an impressive power conversion efficiency (PCE) of 25.47% (certified 25.38%), among the highest PCEs reported for F-PSCs"
10.1002/anie.202511317,,interfaces,experimental,p-i-n,pce_certified,25.38,%,"the optimized devices using vacuum-evaporated SAM films achieve an impressive power conversion efficiency (PCE) of 25.47% (certified 25.38%), among the highest PCEs reported for F-PSCs"
10.1126/sciadv.adr2290,,defects,experimental,unknown,pce_champion,24.64,%,"Consequently, the CL(FTA)-modified flexible PSCs achieved a record-breaking efficiency of 24.64% (certified 24.08%)."
10.1126/sciadv.adr2290,,defects,experimental,unknown,pce_certified,24.08,%,"Consequently, the CL(FTA)-modified flexible PSCs achieved a record-breaking efficiency of 24.64% (certified 24.08%)."
10.34734/fzj-2026-01040,,interfaces,experimental,unknown,pce_champion,26.01,%,"Accordingly, the target solar cell yields a hero power conversion efficiency (PCE) of 26.01% and a maximum open-circuit voltage (VOC) of 1.23 V, representing the"
10.1021/acsnano.5c07298,,composition,experimental,unknown,pce_champion,14.98,%,"Thereby, the 2A2CA-modified tin PSCs achieve a champion efficiency of 14.98% and maintain 90% after storing for over 2200 h in a nitrogen atmosphere."
10.1002/aenm.202406046,,defects,experimental,p-i-n,pce_champion,25.6,%,the PSC achieved a power conversion efficiency (PCE) of 25.60% and maintained more than 90% efficiency after 3000 h under one solar equivalent light and
10.1021/acs.accounts.5c00612,,composition,scale_up,none,pce_certified,27.3,%,"In 2012, our first report of a long-term stable solid-state PSC initiated a new field, which triggered a certified power conversion efficiencies (PCEs) of 27.3%"
10.1016/j.jpowsour.2025.237926,,defects,experimental,n-i-p,pce_champion,20.84,%,"As a result, devices with the modified ETL exhibit a significant performance enhancement, achieving an optimal power conversion efficiency (PCE) of 20.84 % compared to"
10.1038/s41467-025-57195-w,,architecture,experimental,tandem_2T,pce_champion,28.81,%,"Furthermore, all-perovskite tandem devices yield efficiencies of 28.12% (two-terminal) and 28.81% (four-terminal)."
10.1038/s41467-025-57195-w,,architecture,experimental,tandem_2T,pce_stabilised,23.12,%,both the perovskite precursors and the buried hole transport layers enables single-junction 1.25 eV-bandgap Sn-Pb perovskite solar cells to achieve a steady-state efficiency of 23.12%
10.1038/s41467-025-58111-y,,architecture,scale_up,tandem_2T,pce_champion,28.94,%,"By combining with a 1.26 eV narrow-bandgap (NBG) PSC, we further fabricate 2-terminal all-perovskite tandem solar cells (TSCs) with a PCE of 28.94% (28.78% certified)"
10.1038/s41467-025-58111-y,,architecture,scale_up,tandem_2T,pce_certified,28.78,%,we further fabricate 2-terminal all-perovskite tandem solar cells (TSCs) with a PCE of 28.94% (28.78% certified) for 0.087 cm2
10.1038/s41467-025-58111-y,,architecture,scale_up,tandem_2T,active_area_cm2,0.087,cm2,we further fabricate 2-terminal all-perovskite tandem solar cells (TSCs) with a PCE of 28.94% (28.78% certified) for 0.087 cm2
10.1038/s41467-025-62661-6,,architecture,experimental,unknown,pce_champion,29.6,%,"When integrated into a tandem configuration, the device attains an impressive PCE of 29.6% (certified PCE of 29.2%, one of the highest certified efficiencies to"
10.1038/s41467-025-62661-6,,architecture,experimental,unknown,pce_certified,29.2,%,"the device attains an impressive PCE of 29.6% (certified PCE of 29.2%, one of the highest certified efficiencies to date)"
10.1038/s41467-025-64038-1,,architecture,experimental,module,pce_champion,22.0,%,achieving maximum efficiency of 22.0% for 10.4 cm2 mini-modules.
10.1038/s41467-025-64038-1,,architecture,experimental,module,active_area_cm2,10.4,cm2,the all-perovskite tandem photovoltaic mini-modules exhibited an average efficiency of 22.0 ± 0.4% with an aperture area of 10.4 cm2
10.1002/aenm.202405941,,composition,experimental,unknown,pce_champion,14.2,%,"Employing this low‐toxic solvent engineering, low‐D/3D Pb‐Sn perovskites are successfully prepared with a champion power conversion efficiency (PCE) of 14.2%."
10.1021/acsnano.5c03542,,architecture,experimental,unknown,pce_champion,28.83,%,"When integrated with a narrow-bandgap (FA 0.6 MA 0.3 Cs 0.1 Pb 0.5 Sn 0.5 I 3 ) subcell, a PCE of 28.83% was obtained"
10.1021/acsami.4c20406,,defects,theory,unknown,pce_champion,22.21,%,open-circuit-voltage ( V OC ) deficit of the WBG (1.65 eV) PSCs to 0.39 V and increases the efficiency to a competitive value of 22.21%.
10.1021/acsami.5c07089,,defects,experimental,p-i-n,pce_champion,24.65,%,"Consequently, the power conversion efficiency (PCE) of the devices significantly improves from 22.01 to 24.65% (with a certified PCE of 24.01%), while the operational stability"
10.1021/acsami.5c07089,,defects,experimental,p-i-n,pce_certified,24.01,%,the power conversion efficiency (PCE) of the devices significantly improves from 22.01 to 24.65% (with a certified PCE of 24.01%)
10.1002/adma.202505475,,stability,scale_up,module,pce_champion,25.8,%,"PSCs incorporating PTZ‐Fl exhibit power conversion efficiencies (PCEs) up to 25.8% (certified 25.2% under reverse scan), retaining 80% of their initial performance after 1000 h"
10.1002/adma.202505475,,stability,scale_up,module,pce_certified,25.2,%,PSCs incorporating PTZ‐Fl exhibit power conversion efficiencies (PCEs) up to 25.8% (certified 25.2% under reverse scan)
10.1002/adma.202505475,,stability,scale_up,module,t80_h,1000,h,retaining 80% of their initial performance after 1000 h under ISOS‐L‐3 protocol
10.1002/adma.202513281,,stability,experimental,tandem_2T,pce_champion,29.0,%,"When incorporated into tandem devices, a high PCE of 29.0% (certified 28.06%) is obtained."
10.1002/adma.202513281,,stability,experimental,tandem_2T,pce_certified,28.06,%,"When incorporated into tandem devices, a high PCE of 29.0% (certified 28.06%) is obtained."
10.1002/adma.202514735,,stability,experimental,p-i-n,pce_champion,26.23,%,The resulting PSCs achieve a certified efficiency of 26.23% (steady‐state 25.42%) over 1 cm 2 areas.
10.1002/adma.202514735,,stability,experimental,p-i-n,pce_certified,26.23,%,The resulting PSCs achieve a certified efficiency of 26.23% (steady‐state 25.42%) over 1 cm 2 areas.
10.1002/adma.202514735,,stability,experimental,p-i-n,pce_stabilised,25.42,%,The resulting PSCs achieve a certified efficiency of 26.23% (steady‐state 25.42%) over 1 cm 2 areas.
10.1002/adma.202514735,,stability,experimental,p-i-n,active_area_cm2,1,cm2,The resulting PSCs achieve a certified efficiency of 26.23% (steady‐state 25.42%) over 1 cm 2 areas.
10.1021/acsenergylett.5c01244,,architecture,experimental,tandem_2T,pce_champion,31.4,%,"enabling the achievement of perovskite-silicon tandems with a certified PCE of 31.4%, which is among the best-performing tandem devices utilizing commercial silicon subcells."
10.1021/acsenergylett.5c01244,,architecture,experimental,tandem_2T,pce_certified,31.4,%,"enabling the achievement of perovskite-silicon tandems with a certified PCE of 31.4%, which is among the best-performing tandem devices utilizing commercial silicon subcells."
10.1021/acsenergylett.5c02408,,architecture,experimental,tandem_2T,pce_champion,32.39,%,"Finally, the WBG perovskite solar cell yields an efficiency of 23.88%, while the two-terminal perovskite-silicon tandem device reaches 32.39% efficiency with good operational stability, retaining"
10.1002/anie.202516433,,composition,experimental,p-i-n,pce_champion,26.19,%,"As a result, the p‐i‐n inverted perovskite solar cells (PSCs) incorporating GUFCl achieve a champion efficiency of 26.19% with significantly improved operational stability."
10.1038/s41467-024-55653-5,,interfaces,experimental,p-i-n,pce_champion,26.53,%,The champion inverted device yields a high power conversion efficiency (PCE) of 26.53% (certified 26.02%).
10.1038/s41467-024-55653-5,,interfaces,experimental,p-i-n,pce_certified,26.02,%,The champion inverted device yields a high power conversion efficiency (PCE) of 26.53% (certified 26.02%).
10.1038/s41467-025-66225-6,,interfaces,scale_up,n-i-p,pce_champion,26.43,%,"Here, authors incorporate a bifunctional antisymmetric molecule anchoring on tin oxide and perovskite, achieving maximum efficiency of 26.43% in perovskite solar cells."
10.1016/j.esci.2025.100451,,stability,experimental,p-i-n,pce_champion,26.74,%,"The HASS-modulated PSC could reach the champion PCE of 26.74% (certified 26.56%), which is remarkable for inverted PSCs prepared under ambient conditions."
10.1016/j.esci.2025.100451,,stability,experimental,p-i-n,pce_certified,26.56,%,"The HASS-modulated PSC could reach the champion PCE of 26.74% (certified 26.56%), which is remarkable for inverted PSCs prepared under ambient conditions."
10.1038/s41566-025-01791-1,,defects,experimental,p-i-n,pce_champion,27.02,%,This approach allows p–i–n perovskite solar cells to achieve a record power conversion efficiency (PCE) of 27.02% (certified 26.96% with a maximum-power-point-tracking PCE of 26.61%).
10.1038/s41566-025-01791-1,,defects,experimental,p-i-n,pce_certified,26.96,%,This approach allows p–i–n perovskite solar cells to achieve a record power conversion efficiency (PCE) of 27.02% (certified 26.96% with a maximum-power-point-tracking PCE of 26.61%).
10.1038/s41566-025-01791-1,,defects,experimental,p-i-n,pce_stabilised,26.61,%,This approach allows p–i–n perovskite solar cells to achieve a record power conversion efficiency (PCE) of 27.02% (certified 26.96% with a maximum-power-point-tracking PCE of 26.61%).
10.1038/s41566-025-01791-1,,defects,experimental,p-i-n,active_area_cm2,1,cm2,Devices with an active area of 1 cm 2 deliver a PCE of 25.95%.
10.1002/cey2.710,,defects,experimental,unknown,pce_champion,12.22,%,"the best efficiency of 12.22%, compared to 0.647 V and 10.2% for the reference device"
10.1002/adma.202419573,,composition,experimental,unknown,pce_champion,30.3,%,the optimized 2D perovskite device reaches a power conversion efficiency (PCE) of 30.30% and an open‐circuit voltage (V OC ) of 936 mV under 1000
10.1126/science.adv4701,,interfaces,experimental,p-i-n,pce_champion,26,%,"Using CPMAC, we obtained ~26% power conversion efficiencies (PCEs) with ~2% degradation after 2100 hours of 1-sun operation at 65°C."
10.1126/science.adv4701,,interfaces,experimental,p-i-n,active_area_cm2,6,cm2,"For minimodules (four subcells, 6 square centimeters), we achieved a PCE of ~23% with <9% degradation after 2200 hours of operation at 55°C."
10.1038/s41467-024-55652-6,,defects,experimental,p-i-n,pce_champion,23.7,%,reach a 23.7% power conversion efficiency (PCE) (22.9% certified) under AM 1.5 G illumination
10.1038/s41467-024-55652-6,,defects,experimental,p-i-n,pce_certified,22.9,%,a 23.7% power conversion efficiency (PCE) (22.9% certified) under AM 1.5 G illumination and a 42.46% PCE under 1000 lux indoor light illumination
10.1038/s41467-024-55377-6,,stability,experimental,tandem_2T,pce_champion,30.78,%,"deliver efficiencies of 28.03 % and 30.78 % (certified 30.26 %), respectively"
10.1038/s41467-024-55377-6,,stability,experimental,tandem_2T,pce_certified,30.26,%,achieve certified efficiency of 30.26% for perovskite/silicon tandem solar cells
10.1038/s41467-025-56409-5,,defects,experimental,unknown,pce_champion,26.05,%,show a maximum power conversion efficiency of 26.05% (a certified value of 25.44%)
10.1038/s41467-025-56409-5,,defects,experimental,unknown,pce_certified,25.44,%,show a maximum power conversion efficiency of 26.05% (a certified value of 25.44%)
10.1038/s41467-025-64550-4,,stability,experimental,unknown,pce_champion,26.7,%,"The resulting DMS-modulated PSCs achieve a remarkable power conversion efficiency (PCE) of up to 26.70%, with a certified PCE of 26.48%."
10.1038/s41467-025-64550-4,,stability,experimental,unknown,pce_certified,26.48,%,"The resulting DMS-modulated PSCs achieve a remarkable power conversion efficiency (PCE) of up to 26.70%, with a certified PCE of 26.48%."
10.1021/acs.nanolett.5c03589,,defects,experimental,p-i-n,pce_champion,25.5,%,"The rigid and flexible PVSCs yield high power conversion efficiencies of 25.50% and 24.56%, respectively."
10.1002/aenm.202503611,,scale_up,review,unknown,pce_champion,10.7,%,exhibiting a maximum power conversion efficiency (PCE) of 10.7% and an impressive fill factor (FF) of 79%
10.1021/acsenergylett.5c00074,,defects,experimental,module,pce_champion,26.22,%,This combined strategy achieved a high power conversion efficiency (PCE) of 26.22% for small-area PSCs (0.045 cm 2 )
10.1021/acsenergylett.5c00074,,defects,experimental,module,active_area_cm2,0.045,cm2,for small-area PSCs (0.045 cm 2 ) and 89% PCE retention under continuous illumination for 2000 h
10.1021/acsenergylett.5c01599,,defects,experimental,unknown,pce_champion,24.16,%,leading to a maximum PCE of 24.16% (fill factor of 84.75%) with improved storage and thermal stability in the corresponding PSCs
10.1021/acsenergylett.5c02406,,defects,experimental,unknown,pce_champion,20.6,%,champion power conversion efficiency (PCE) of 20.6% for F-PEAI-passivated perovskites with a bandgap of 1.7 eV
10.1021/acsenergylett.5c02406,,defects,experimental,unknown,active_area_cm2,1,cm2,1 cm 2 PSCs with a PCE of 18.24%
10.1021/acsenergylett.5c01711,,defects,experimental,module,pce_champion,25.9,%,we achieved power conversion efficiencies of 25.9% (25.24% certified) in 0.09 cm 2 lab-scale cells
10.1021/acsenergylett.5c01711,,defects,experimental,module,pce_certified,25.24,%,we achieved power conversion efficiencies of 25.9% (25.24% certified) in 0.09 cm 2 lab-scale cells
10.1021/acsenergylett.5c01711,,defects,experimental,module,active_area_cm2,0.09,cm2,in 0.09 cm 2 lab-scale cells and 19.2% in 30 cm × 30 cm industrial-scale solar modules
10.1021/jacs.5c13264,,stability,experimental,tandem_2T,pce_certified,28,%,The monolithic perovskite/CIGS tandem devices achieve a certified stabilized efficiency exceeding 28%
10.1021/jacs.5c13264,,stability,experimental,tandem_2T,pce_stabilised,28,%,The monolithic perovskite/CIGS tandem devices achieve a certified stabilized efficiency exceeding 28%
10.1021/jacs.5c13264,,stability,experimental,tandem_2T,t80_h,1123,h,a notably extended T 80 lifetime of 1123 h under maximum power point tracking with full-spectrum AM 1.5G illumination
10.1039/d4ee06142j,,composition,experimental,unknown,pce_champion,15.02,%,which effectively boost the PCE of tin perovskite solar cells up to 15.02%
10.1002/aenm.202405212,,composition,experimental,unknown,pce_champion,25.39,%,"The resultant rigid and flexible solar cells exhibited an enhanced power conversion efficiency (PCE) from the initial 24.48% to 25.39%, as well as 23.86% to"
10.1002/anie.202505876,,stability,theory,p-i-n,pce_certified,26.74,%,the assembled inverted PSCs achieve a certified reverse-scanning power conversion efficiency (PCE) of 26.74% and a certified stabilized power output (SPO) efficiency of 26.12% (from
10.1002/anie.202505876,,stability,theory,p-i-n,pce_stabilised,26.12,%,the assembled inverted PSCs achieve a certified reverse-scanning power conversion efficiency (PCE) of 26.74% and a certified stabilized power output (SPO) efficiency of 26.12% (from
10.1002/anie.202502117,,stability,experimental,n-i-p,pce_champion,26.13,%,the optimized n–i–p PSCs exhibit a high efficiency of 26.13% and maintain over 88% of their initial efficiency after 1000 h maximum power point (MPP)
10.1002/anie.202509065,,stability,experimental,p-i-n,pce_champion,26.11,%,This dual-functional synergy yielded a power conversion efficiency (PCE) of 26.11% in our best device
10.1002/anie.202518592,,stability,experimental,unknown,pce_champion,26.66,%,Vacuum flash‐assisted solution‐processed PSCs incorporating PBD‐passivated films with optimized homogeneity achieved a PCE of 26.66% (certified 26.33%)
10.1002/anie.202518592,,stability,experimental,unknown,pce_certified,26.33,%,Vacuum flash‐assisted solution‐processed PSCs incorporating PBD‐passivated films with optimized homogeneity achieved a PCE of 26.66% (certified 26.33%)
10.1002/adma.202502142,,stability,experimental,unknown,active_area_cm2,0.2,cm2,"Encapsulated and unmasked ETU‐treated devices, with an active area of 0.2 cm 2 , retained > 93 % of their initial power conversion efficiency (PCE)"
10.1002/adma.202502142,,stability,experimental,unknown,t80_h,600,h,1 cm 2 ETU‐treated devices maintained T80 (the duration for the PCE to decay to 80 % of the initial value) for > 600 hours
10.1002/adma.202504520,,stability,experimental,tandem_2T,pce_champion,31.26,%,"The 4‐PhCz‐based perovskite/silicon tandem cell achieves a V OC of 1.96 V and a PCE of 31.26%, retaining 92% of its initial efficiency after 1000"
10.1038/s41467-025-64728-w,,scale_up,scale_up,p-i-n,pce_champion,26.63,%,"efficiencies of 26.63% (certified 26.40%) for a 0.09-cm2 inverted PSCs, 25.34% for a 1-cm2 device, and 23.08% for a 12.96-cm2 mini-module were obtained"
10.1038/s41467-025-64728-w,,scale_up,scale_up,p-i-n,pce_certified,26.4,%,"efficiencies of 26.63% (certified 26.40%) for a 0.09-cm2 inverted PSCs, 25.34% for a 1-cm2 device, and 23.08% for a 12.96-cm2 mini-module were obtained"
10.1038/s41467-025-64728-w,,scale_up,scale_up,p-i-n,active_area_cm2,0.09,cm2,"efficiencies of 26.63% (certified 26.40%) for a 0.09-cm2 inverted PSCs, 25.34% for a 1-cm2 device, and 23.08% for a 12.96-cm2 mini-module were obtained"
10.1002/adma.202413841,,composition,experimental,unknown,pce_champion,25.51,%,The resulting 1D/3D heterostructure facilitates perovskite solar cells (PSCs) to not only achieve a record efficiency of 25.51% through 1D perovskite passivation but also significantly
10.1002/adma.202419750,,composition,experimental,module,pce_certified,22.06,%,demonstrated by 30 cm × 30 cm FAPbI3 perovskite submodules with a certified efficiency of 22.06%.
10.1002/adma.202504321,,composition,experimental,tandem_2T,pce_champion,28.99,%,the fabricated 2‐terminal AP‐TSCs achieve a PCE of 28.99% (certified 28.81%)
10.1002/adma.202504321,,composition,experimental,tandem_2T,pce_certified,28.81,%,the fabricated 2‐terminal AP‐TSCs achieve a PCE of 28.99% (certified 28.81%)
10.1002/adma.202504321,,composition,experimental,tandem_2T,t80_h,501,h,The tandem device maintains 80% of its initial PCE after 501 h of operation at maximum power point.
10.1002/adma.202506291,,composition,scale_up,unknown,pce_champion,25.8,%,"Finally, a record power conversion efficiency (PCE) of 25.8% for 0.09 cm 2 perovskite solar cells and 19.8% for 52 cm 2 mini‐module is achieved"
10.1002/adma.202506291,,composition,scale_up,unknown,active_area_cm2,0.09,cm2,a record power conversion efficiency (PCE) of 25.8% for 0.09 cm 2 perovskite solar cells
10.1002/aenm.202500598,,scale_up,scale_up,p-i-n,pce_champion,18.73,%,The resultant inverted PSMs based on a sole NiO hole‐transport layer achieved certified efficiencies of 18.73% and 14.62% with aperture areas of 100.15 and 2123.18
10.1002/aenm.202500598,,scale_up,scale_up,p-i-n,pce_certified,18.73,%,The resultant inverted PSMs based on a sole NiO hole‐transport layer achieved certified efficiencies of 18.73% and 14.62% with aperture areas of 100.15 and 2123.18
10.1002/aenm.202500598,,scale_up,scale_up,p-i-n,active_area_cm2,100.15,cm2,achieved certified efficiencies of 18.73% and 14.62% with aperture areas of 100.15 and 2123.18 cm2
10.1126/science.adx9650,,scale_up,scale_up,module,pce_champion,24.0,%,The strategy yields power conversion efficiencies of 24.0% (in a 100-square centimeter rigid module) and 20.7% (in a flexible counterpart)
10.1126/science.adx9650,,scale_up,scale_up,module,active_area_cm2,100,cm2,power conversion efficiencies of 24.0% (in a 100-square centimeter rigid module)
10.1038/s41467-025-66752-2,,scale_up,scale_up,n-i-p,pce_champion,20.95,%,"The best perovskite solar module (PSM) achieves a certified power conversion efficiency (PCE) of 20.95% for a 12.83 cm² aperture area, standing out as one"
10.1038/s41467-025-66752-2,,scale_up,scale_up,n-i-p,pce_certified,20.95,%,"The best perovskite solar module (PSM) achieves a certified power conversion efficiency (PCE) of 20.95% for a 12.83 cm² aperture area, standing out as one"
10.1038/s41467-025-66752-2,,scale_up,scale_up,n-i-p,active_area_cm2,12.83,cm2,a certified power conversion efficiency (PCE) of 20.95% for a 12.83 cm² aperture area
10.1021/acsenergylett.4c03233,,scale_up,scale_up,unknown,pce_champion,25.5,%,"enabling PSCs to achieve power conversion efficiencies (PCEs) of 25.5% and 24.03% for aperture areas of 0.0625 and 1 cm 2, respectively"
10.1021/acsenergylett.4c03233,,scale_up,scale_up,unknown,active_area_cm2,0.0625,cm2,"power conversion efficiencies (PCEs) of 25.5% and 24.03% for aperture areas of 0.0625 and 1 cm 2, respectively"
10.1002/solr.202400750,,scale_up,scale_up,unknown,pce_champion,17.2,%,"CsPbCl3 emerges as a promising alternative to MAPbCl3, enabling 17.2% efficient MA‐free 1.8 eV triple‐halide perovskite solar cells (0.062 cm2) with enhanced phase‐ and photostability."
10.1002/solr.202400750,,scale_up,scale_up,unknown,active_area_cm2,0.062,cm2,enabling 17.2% efficient MA‐free 1.8 eV triple‐halide perovskite solar cells (0.062 cm2)
10.1002/aenm.202404797,,scale_up,experimental,p-i-n,pce_champion,23.2,%,"The resulting all‐vacuum‐processed inverted PSCs exhibits a high power conversion efficiency (PCE) of 23.2%, which is record‐high performance reported among all‐vacuum‐processed PSCs, with exceptional device"
10.1021/acsenergylett.5c01538,,scale_up,scale_up,unknown,pce_champion,25.86,%,the devices exhibit a champion power conversion efficiency (PCE) of 25.86% in the small-area device
10.1002/adma.202419329,,scale_up,scale_up,n-i-p,pce_champion,24.15,%,a high efficiency of 24.15% for a flexible perovskite solar cell
10.1002/adma.202419329,,scale_up,scale_up,n-i-p,pce_certified,21.39,%,a record efficiency of 21.82% (certified at 21.39%) is achieved for a flexible perovskite solar module with an area of 12.80 cm 2
10.1002/adma.202417289,,scale_up,scale_up,unknown,pce_champion,25.28,%,leading to a champion PCE of 25.28% with a remarkably high V OC of 1.203 V
10.1002/adma.202501057,,scale_up,scale_up,unknown,pce_champion,26.05,%,"This approach promotes the PSCs to obtain an efficiency of 26.05% (with a certified efficiency of 25.67%, and steady‐state PCE of 25.41%)."
10.1002/adma.202501057,,scale_up,scale_up,unknown,pce_certified,25.67,%,"with a certified efficiency of 25.67%, and steady‐state PCE of 25.41%"
10.1002/adma.202501057,,scale_up,scale_up,unknown,pce_stabilised,25.41,%,steady‐state PCE of 25.41%
10.1002/adma.202420130,,scale_up,scale_up,unknown,pce_champion,18.0,%,"the BFI‐SC achieved an impressive bifacial equivalent efficiency ( η eq ) of 18.00%, which is the highest value achieved for the reported multicolored (or"
10.1002/adfm.202503717,,scale_up,scale_up,unknown,pce_champion,17.78,%,"An additive‐modified IJP‐PSC device achieved a maximum power conversion efficiency (PCE) of 17.78%, higher than that of an unmodified device (14.75%)."
10.1002/adfm.202527433,,scale_up,experimental,unknown,pce_champion,21.1,%,The fully blade coated C‐F‐PSC delivers a state‐of‐the‐art conversion efficiency of 21.1% for a 0.09 cm 2 device under full light and 36.7% for 1
10.1002/adfm.202527433,,scale_up,experimental,unknown,active_area_cm2,0.09,cm2,The fully blade coated C‐F‐PSC delivers a state‐of‐the‐art conversion efficiency of 21.1% for a 0.09 cm 2 device under full light and 36.7% for 1
10.48550/arxiv.2502.08579,,interfaces,theory,p-i-n,pce_champion,8.2,%,delivering a record power conversion efficiency (PCE) of 8.2% with a DMSO-free solvent system
10.48550/arxiv.2510.08401,,defects,experimental,p-i-n,pce_champion,21.3,%,This resulted in a power conversion efficiency of 21.3% with a high open-circuit voltage of 1.14 V.
10.48550/arxiv.2510.08401,,defects,experimental,p-i-n,t80_h,600,h,TPA-Py modification improved extended the T80 lifetime to ~600 h compared to only 200 h for the reference under harsh heating stress in ambient conditions.
10.26434/chemrxiv-2025-d8194,,stability,experimental,unknown,pce_champion,3.05,%,with the highest value being 3.05%
10.26434/chemrxiv-2025-d8194,,stability,experimental,unknown,t80_h,275,h,maximum power point tracking at 85 °C shows a projected T80 lifetime of 275 hours for CsMAFA-Sb:Bi devices
10.20944/preprints202502.1818.v1,,interfaces,experimental,unknown,pce_champion,21.74,%,achieving a power conversion efficiency (PCE) of 21.74%
10.20944/preprints202505.0921.v1,,interfaces,theory,unknown,pce_champion,26.13,%,PCE reached 26.13%
10.48550/arxiv.2505.09362,,interfaces,theory,unknown,pce_champion,25.76,%,The optimized all-inorganic device demonstrated a remarkable power conversion efficiency (PCE) of $25.76\%$ with a fill factor (FF) of $79.81\%$.
10.26434/chemrxiv-2025-1chx1,,defects,experimental,n-i-p,pce_champion,22.2,%,achieved power conversion efficiency up to 22.2%
10.26434/chemrxiv-2025-1chx1,,defects,experimental,n-i-p,active_area_cm2,0.12,cm2,for minicells (≈0.12 cm2)
10.48550/arxiv.2511.06059,,architecture,experimental,tandem_2T,pce_champion,30.69,%,the optimized triple-junction hybrid perovskite-kesterite architecture secured an elevated PCE of 30.69%
10.48550/arxiv.2502.16850,,composition,theory,n-i-p,pce_champion,24.51,%,"the PSCs achieve the highest efficiency of 24.51 %, FF of 43.01 %, Voc of 1.73V, and Jsc of 32.82mA/cm$^2$"
10.26434/chemrxiv-2025-rhzlk,,scale_up,scale_up,n-i-p,pce_champion,25,%,"the improved charge extraction facilitated by the additives enhanced the photovoltaic performance, achieving a photoconversion efficiency of 25%"
10.26434/chemrxiv-2025-qxw48,,interfaces,theory,n-i-p,pce_champion,24.71,%,"Through simulation and optimization, we achieve an optimal efficiency of 24.71% with an open circuit voltage (Voc) of 0.8489V, a short circuit current (Jsc) of"
10.26434/chemrxiv-2025-qxw48-v2,,interfaces,theory,n-i-p,pce_champion,24.71,%,"The optimized device achieved a power conversion efficiency (PCE) of 24.71%, with an open-circuit voltage (Voc) of 0.8489 V, a short-circuit current density (Jsc) of"
10.48550/arxiv.2506.03611,,interfaces,experimental,p-i-n,pce_champion,23.89,%,"When gefitinib was used to modify the interface between SnO2 and perovskite, the PCE of PSCs (ITO/SnO2/perovskite/Spiro-OMETAD/Au) increased from 22.46% to 23.89%"
10.1364/opticaopen.30738665,,interfaces,experimental,n-i-p,pce_champion,29.11,%,"circuit voltage of 1.2603 V, a short circuit current density of 26.91 mA/cm², a fill factor of 85.82%, and a power conversion efficiency of 29.11%"
10.1364/opticaopen.30738665.v1,,interfaces,experimental,n-i-p,pce_champion,29.11,%,"circuit voltage of 1.2603 V, a short circuit current density of 26.91 mA/cm², a fill factor of 85.82%, and a power conversion efficiency of 29.11%"
10.26434/chemrxiv-2025-pj33k,,composition,experimental,none,pce_champion,2.1,%,A photoconversion efficiency of 2.1 % has been achieved in the photo-only charging mode under 1 Sun illumination.
10.26434/chemrxiv-2025-hh400,,defects,experimental,unknown,pce_champion,21.9,%,"yielding a power-conversion efficiency of 21.9% with an open-circuit voltage of 1.14 V, which are relatively high for Li-free FAPbI3-based PSCs without post-passivation treatment"
10.48550/arxiv.2511.19158,,defects,experimental,unknown,pce_champion,6.26,%,"The film synthesized with a 5% excess of FABr provides the optimal balance, yielding the highest power conversion efficiency (6.26%), average visible transmittance (61.6%), and"
