work_key,month,device_class,pce_certified_pct,pce_champion_pct,lens,illumination
10.1002/adfm.202504424,2025-03,p-i-n,,26.14,experimental,AM1.5G
10.1007/s42114-024-01208-7,2025-04,n-i-p,,23,experimental,AM1.5G
10.1002/solr.202500319,2025-06,unspecified,,21.1,experimental,AM1.5G
10.1016/j.cej.2025.162942,2025-04,p-i-n,,25.3,experimental,AM1.5G
10.1002/adma.202508740,2025-08,p-i-n,24.9,,experimental,AM1.5G
10.1002/adma.202518406,2025-12,p-i-n,,26.15,experimental,AM1.5G
10.1021/acsami.5c01653,2025-03,p-i-n,,14.7,experimental,AM1.5G
10.1002/aenm.202500650,2025-05,unspecified,,22.1,experimental,AM1.5G
10.1021/acsnano.5c15499,2025-12,p-i-n,,22.2,experimental,AM1.5G
10.1021/acsenergylett.5c01745,2025-08,unspecified,,23.33,experimental,AM1.5G
10.1002/adfm.202426078,2025-06,n-i-p,,25.09,experimental,AM1.5G
10.1007/s40820-025-01655-x,2025-02,unspecified,,24.95,experimental,AM1.5G
10.1038/s41467-025-55815-z,2025-01,n-i-p,25.18,25.37,experimental,AM1.5G
10.1002/anie.202419957,2025-01,n-i-p,,24.87,experimental,AM1.5G
10.1002/anie.202514365,2025-09,p-i-n,,25.91,experimental,AM1.5G
10.1002/anie.202516012,2025-10,p-i-n,,26.05,experimental,AM1.5G
10.1002/adfm.202516393,2025-08,n-i-p,,25.6,experimental,AM1.5G
10.1021/acsenergylett.5c01081,2025-06,unspecified,25.13,25.92,experimental,AM1.5G
10.1021/jacs.5c13145,2025-12,unspecified,,25.8,experimental,AM1.5G
10.1021/acs.jpclett.5c02124,2025-09,unspecified,,24.12,experimental,AM1.5G
10.1002/anie.202513869,2025-10,n-i-p,,25.83,experimental,AM1.5G
10.1002/adfm.202424259,2025-03,unspecified,,26.04,experimental,AM1.5G
10.1002/adfm.202507934,2025-04,unspecified,,26.12,experimental,AM1.5G
10.1002/aenm.202502409,2025-07,unspecified,26.03,26.39,experimental,AM1.5G
10.1002/adma.202506114,2025-05,unspecified,,21.0,experimental,AM1.5G
10.1002/anie.202424483,2025-01,unspecified,,23.61,experimental,AM1.5G
10.1002/adfm.202500168,2025-02,p-i-n,,22.4,experimental,AM1.5G
10.1016/j.nanoen.2025.111027,2025-04,unspecified,,25.48,experimental,AM1.5G
10.1002/advs.202512117,2025-09,p-i-n,,26.35,experimental,AM1.5G
10.1002/adma.202500268,2025-03,unspecified,,25.02,experimental,AM1.5G
10.1002/adma.202503435,2025-05,unspecified,,25.34,experimental,AM1.5G
10.1002/adma.202507435,2025-07,unspecified,,24.72,experimental,AM1.5G
10.1021/acsaem.5c00341,2025-03,unspecified,,22.97,experimental,AM1.5G
10.1002/smll.202504930,2025-07,unspecified,,25.78,experimental,AM1.5G
10.1002/smll.202503256,2025-05,p-i-n,,25.47,experimental,AM1.5G
10.1002/adma.202510967,2025-08,n-i-p,,25.3,experimental,AM1.5G
10.1038/s41467-025-62393-7,2025-08,unspecified,,24.32,experimental,AM1.5G
10.1038/s41467-025-63389-z,2025-09,p-i-n,26.65,26.98,scale_up,AM1.5G
10.1038/s41467-025-64111-9,2025-10,p-i-n,19.5,26.02,scale_up,AM1.5G
10.1038/s41467-025-66421-4,2025-12,p-i-n,26.28,26.5,experimental,AM1.5G
10.1021/acsenergylett.4c03282,2025-01,n-i-p,,22.14,experimental,AM1.5G
10.1021/acsami.5c01228,2025-04,p-i-n,,24.74,experimental,AM1.5G
10.1021/acsami.5c15868,2025-10,p-i-n,,23.31,experimental,AM1.5G
10.1002/aenm.202405571,2025-01,p-i-n,,24.82,experimental,AM1.5G
10.1002/aenm.202404617,2025-01,p-i-n,,23,experimental,AM1.5G
10.1002/aenm.202500572,2025-03,p-i-n,25.0,25.3,experimental,AM1.5G
10.1002/aenm.202502006,2025-06,n-i-p,,21.36,experimental,AM1.5G
10.1016/j.cej.2025.171437,2025-12,unspecified,,26.67,experimental,AM1.5G
10.1002/adfm.202505921,2025-05,unspecified,,26.04,experimental,AM1.5G
10.1002/adfm.202512188,2025-08,p-i-n,,21.19,experimental,AM1.5G
10.1002/adfm.202512300,2025-09,unspecified,,14.18,experimental,AM1.5G
10.1002/adfm.202520372,2025-11,p-i-n,,26.16,experimental,AM1.5G
10.1039/d4ee05466k,,unspecified,,25.8,experimental,AM1.5G
10.1039/d4ee04555f,,unspecified,,25.69,experimental,AM1.5G
10.1002/adma.202505115,2025-06,p-i-n,26.79,27.18,experimental,AM1.5G
10.1002/adma.202512308,2025-12,unspecified,,22.16,experimental,AM1.5G
10.1002/smll.202504515,2025-06,p-i-n,,25.63,experimental,AM1.5G
10.1021/acsaem.5c00747,2025-06,unspecified,,18.52,experimental,AM1.5G
10.1002/solr.202500331,2025-07,unspecified,,24.32,experimental,AM1.5G
10.1021/acsaem.5c02115,2025-09,n-i-p,,14.65,experimental,AM1.5G
10.1002/smll.202510731,2025-11,unspecified,,25.3,experimental,AM1.5G
10.1002/smll.202511139,2025-11,unspecified,,25.78,experimental,AM1.5G
10.1002/adma.202419413,2025-02,p-i-n,26.21,26.74,experimental,AM1.5G
10.1038/s41467-025-62388-4,2025-07,unspecified,,26.21,experimental,AM1.5G
10.1021/acsnano.5c01479,2025-04,p-i-n,,22.15,scale_up,AM1.5G
10.1002/anie.202425605,2025-03,p-i-n,25.59,25.77,experimental,AM1.5G
10.1002/anie.202502244,2025-03,p-i-n,,25.69,experimental,AM1.5G
10.1002/anie.202505470,2025-03,n-i-p,,25.41,experimental,AM1.5G
10.1002/anie.202510255,2025-07,n-i-p,26.12,26.15,experimental,AM1.5G
10.1002/anie.202509529,2025-08,n-i-p,,25.85,experimental,AM1.5G
10.1002/anie.202524079,2025-12,p-i-n,,26.03,experimental,AM1.5G
10.1002/adfm.202425443,2025-03,unspecified,26.05,26,experimental,AM1.5G
10.1002/adfm.202519195,2025-09,unspecified,,25.48,experimental,AM1.5G
10.1007/s40820-025-01817-x,2025-06,unspecified,,21.54,experimental,AM1.5G
10.1007/s40820-025-01855-5,2025-08,unspecified,,25.13,experimental,AM1.5G
10.1021/jacs.5c20051,2025-12,unspecified,25.11,26.16,experimental,AM1.5G
10.1002/rar2.70082,2025-12,n-i-p,,23.94,experimental,AM1.5G
10.1002/anie.202512061,2025-09,unspecified,,22.97,experimental,AM1.5G
10.1021/acsami.5c18376,2025-12,unspecified,,24.42,experimental,AM1.5G
10.1002/adfm.202510279,2025-07,p-i-n,,23.52,experimental,AM1.5G
10.1039/d5ee06342f,2025-12,p-i-n,,26.45,experimental,AM1.5G
10.1126/sciadv.adu3493,2025-05,p-i-n,,26.0,experimental,AM1.5G
10.1038/s41467-025-66478-1,2025-12,unspecified,,26.06,experimental,AM1.5G
10.1021/acsenergylett.5c02613,2025-10,unspecified,,24.61,experimental,AM1.5G
10.1002/smll.202411247,2025-01,unspecified,,20.24,experimental,AM1.5G
10.1002/smll.202412837,2025-04,unspecified,,21.35,experimental,AM1.5G
10.1002/smll.202411259,2025-04,unspecified,,24.82,experimental,AM1.5G
10.1002/smll.202506782,2025-08,n-i-p,,25.52,experimental,AM1.5G
10.1002/smll.202506053,2025-10,n-i-p,,24.06,experimental,AM1.5G
10.1021/acsenergylett.5c01437,2025-06,p-i-n,,25.1,experimental,AM1.5G
10.1021/jacs.5c05341,2025-06,p-i-n,,25.01,experimental,AM1.5G
10.1002/adfm.202502152,2025-04,unspecified,,20.1,experimental,AM1.5G
10.1002/adfm.202510458,2025-07,unspecified,26.35,26.51,experimental,AM1.5G
10.1002/aenm.202405441,2025-01,unspecified,,25.33,experimental,AM1.5G
10.1002/aenm.202501113,2025-04,unspecified,,23.55,experimental,AM1.5G
10.1002/aenm.202504299,2025-10,p-i-n,,20.36,experimental,AM1.5G
10.1002/aenm.202503780,2025-10,unspecified,26.3,26.6,experimental,AM1.5G
10.1002/aenm.202504647,2025-11,n-i-p,,25.73,scale_up,AM1.5G
10.1021/acsami.4c19086,2025-02,unspecified,,22.42,experimental,AM1.5G
10.1021/acsami.4c21627,2025-03,p-i-n,,24.02,experimental,AM1.5G
10.1021/acsami.5c11948,2025-07,p-i-n,,24.1,experimental,AM1.5G
10.1021/acsami.5c16972,2025-10,p-i-n,,23.68,experimental,AM1.5G
10.1021/acsami.5c23107,2025-12,p-i-n,,24.37,experimental,AM1.5G
10.1021/acsmaterialslett.5c00057,2025-02,unspecified,,23.05,experimental,AM1.5G
10.1002/aenm.202501206,2025-05,n-i-p,,25.61,scale_up,AM1.5G
10.1016/j.cej.2025.171573,2025-12,n-i-p,,22.2,experimental,AM1.5G
10.1002/anie.202504304,2025-03,p-i-n,,25.54,experimental,AM1.5G
10.1002/anie.202502994,2025-03,p-i-n,,25.0,experimental,AM1.5G
10.1002/anie.202508169,2025-05,n-i-p,,25.95,experimental,AM1.5G
10.1002/anie.202519875,2025-11,p-i-n,26.12,26.39,experimental,AM1.5G
10.1002/adfm.202501773,2025-03,unspecified,,25.65,experimental,AM1.5G
10.1002/adfm.202418611,2025-04,n-i-p,,24.77,experimental,AM1.5G
10.1002/adfm.202501850,2025-06,n-i-p,,25.08,experimental,AM1.5G
10.1002/adfm.202508510,2025-08,p-i-n,,25.4,experimental,AM1.5G
10.1002/adfm.202515859,2025-09,p-i-n,,25.32,experimental,AM1.5G
10.1002/adfm.202522445,2025-10,p-i-n,,25.48,experimental,AM1.5G
10.1002/adfm.202522376,2025-11,n-i-p,,25.75,experimental,AM1.5G
10.1002/adma.202511235,2025-08,unspecified,,26.41,experimental,AM1.5G
10.1039/d5ta08178e,2025-12,unspecified,,15,experimental,AM1.5G
10.1021/acs.jpclett.5c03486,2025-12,p-i-n,,23,experimental,AM1.5G
10.1007/s40820-025-01838-6,2025-06,unspecified,,23.0,experimental,AM1.5G
10.1038/s41467-025-67027-6,2025-12,unspecified,,24.47,experimental,AM1.5G
10.1021/acsnano.4c16916,2025-03,unspecified,,22.1,experimental,AM1.5G
10.1021/acsnano.5c13163,2025-12,unspecified,,22.67,experimental,AM1.5G
10.1021/acsenergylett.5c02116,2025-12,n-i-p,,24.9,experimental,AM1.5G
10.1002/pip.3920,2025-04,unspecified,,21.25,experimental,AM1.5G
10.1002/cnl2.70042,2025-08,n-i-p,,25.82,experimental,AM1.5G
10.1021/acsaem.5c02901,2025-12,n-i-p,,18.76,experimental,AM1.5G
10.1021/acsaem.5c03201,2025-12,p-i-n,,21.17,experimental,AM1.5G
10.1007/s12598-025-03346-3,2025-04,p-i-n,,22.22,experimental,AM1.5G
10.1007/s40820-025-01846-6,2025-07,n-i-p,,25.5,experimental,AM1.5G
10.1002/anie.202502950,2025-03,p-i-n,,26,experimental,AM1.5G
10.1002/anie.202507182,2025-06,n-i-p,,25.25,experimental,AM1.5G
10.1021/acsami.5c01338,2025-02,p-i-n,,9.03,experimental,AM1.5G
10.1021/acsami.5c15951,2025-10,p-i-n,,21.29,experimental,AM1.5G
10.1021/acsami.5c16155,2025-10,n-i-p,,19.15,experimental,AM1.5G
10.1002/adfm.202420084,2025-01,unspecified,,25.28,experimental,AM1.5G
10.1002/anie.202515860,2025-11,p-i-n,,15.11,experimental,AM1.5G
10.1002/aenm.202503781,2025-09,p-i-n,26.03,26.34,experimental,AM1.5G
10.1007/s40820-025-01913-y,2025-09,unspecified,,25,experimental,AM1.5G
10.1039/d5ee04570c,,unspecified,,25.2,experimental,AM1.5G
10.1002/smll.202409525,2025-03,n-i-p,,20.49,experimental,AM1.5G
10.1021/acsaem.5c01107,2025-05,p-i-n,,24.9,experimental,AM1.5G
10.1002/smll.202502097,2025-07,p-i-n,,25.14,experimental,AM1.5G
10.1002/solr.202500665,2025-10,n-i-p,,24.7,experimental,AM1.5G
10.1021/acsami.4c20610,2025-02,p-i-n,,21.99,experimental,AM1.5G
10.1002/cey2.70123,2025-11,unspecified,15.3,16.06,scale_up,AM1.5G
10.1021/acsnano.5c07208,2025-11,p-i-n,22.09,25.49,scale_up,AM1.5G
10.1021/acsnano.5c09464,2025-08,unspecified,,26.04,experimental,AM1.5G
10.1021/acssuschemeng.5c01482,2025-08,unspecified,,13.33,experimental,AM1.5G
10.1002/adma.202507730,2025-08,p-i-n,,26.47,experimental,AM1.5G
10.1002/adma.202513600,2025-09,p-i-n,,26.67,experimental,AM1.5G
10.1002/adma.202511062,2025-11,unspecified,,25.78,experimental,AM1.5G
10.1002/adma.202517573,2025-12,p-i-n,,26.44,experimental,AM1.5G
10.1002/adfm.202519377,2025-10,unspecified,,25.49,experimental,AM1.5G
10.1021/acsenergylett.5c00457,2025-04,p-i-n,,24.17,experimental,AM1.5G
10.1021/acsenergylett.5c01128,2025-05,unspecified,,14.95,experimental,AM1.5G
10.1021/jacs.5c05801,2025-06,p-i-n,,26.11,experimental,AM1.5G
10.1002/adma.202500988,2025-04,unspecified,24.7,25.6,experimental,AM1.5G
10.1002/adma.202501156,2025-05,unspecified,,11.18,experimental,AM1.5G
10.1126/science.ado2351,2025-01,p-i-n,25.9,26.2,experimental,AM1.5G
10.1021/acsaem.4c02618,2025-01,unspecified,,24.19,experimental,AM1.5G
10.1021/acsaem.4c02534,2025-02,unspecified,,12.85,experimental,AM1.5G
10.1021/acsaem.5c00084,2025-02,n-i-p,,16.15,experimental,AM1.5G
10.1002/smll.202500695,2025-03,unspecified,,22.59,experimental,AM1.5G
10.1002/ente.202500305,2025-03,unspecified,,17.91,experimental,AM1.5G
10.1002/smll.202412628,2025-04,n-i-p,,24.75,experimental,AM1.5G
10.1021/acs.jpclett.5c00521,2025-05,p-i-n,,25.06,experimental,AM1.5G
10.1002/solr.202500153,2025-05,unspecified,,21.31,experimental,AM1.5G
10.1021/acs.jpclett.5c01155,2025-05,unspecified,,23.85,experimental,AM1.5G
10.1021/acs.jpclett.5c00961,2025-06,unspecified,,24.74,experimental,AM1.5G
10.1002/solr.202500351,2025-07,n-i-p,,17.27,experimental,AM1.5G
10.1021/acs.jpclett.5c01590,2025-07,unspecified,,25.23,experimental,AM1.5G
10.1021/acsaem.5c01626,2025-08,unspecified,,21.82,experimental,AM1.5G
10.1021/acsaem.5c01079,2025-08,p-i-n,,19.3,experimental,AM1.5G
10.1002/solr.202500529,2025-10,unspecified,,11.09,experimental,AM1.5G
10.1021/acsaem.5c02987,2025-11,p-i-n,,26.06,experimental,AM1.5G
10.3390/nano15201602,2025-10,unspecified,,16.85,experimental,AM1.5G
10.1021/acsami.5c04349,2025-05,p-i-n,,10.2,experimental,AM1.5G
10.1002/aenm.202500410,2025-04,unspecified,,25.02,experimental,AM1.5G
10.1002/aenm.202503252,2025-09,p-i-n,26.65,26.78,experimental,AM1.5G
10.1002/anie.202500947,2025-03,unspecified,,25.8,experimental,AM1.5G
10.1002/anie.202424479,2025-04,n-i-p,,24.22,experimental,AM1.5G
10.1002/anie.202512660,2025-07,p-i-n,25.81,26.58,scale_up,AM1.5G
10.1002/anie.202518552,2025-10,unspecified,,20.7,experimental,AM1.5G
10.1002/anie.202511317,2025-12,p-i-n,25.38,25.47,experimental,AM1.5G
10.1126/sciadv.adr2290,2025-01,unspecified,24.08,24.64,experimental,AM1.5G
10.34734/fzj-2026-01040,,unspecified,,26.01,experimental,AM1.5G
10.1021/acsnano.5c07298,2025-08,unspecified,,14.98,experimental,AM1.5G
10.1002/aenm.202406046,2025-02,p-i-n,,25.6,experimental,AM1.5G
10.1021/acs.accounts.5c00612,2025-12,unspecified,27.3,,scale_up,AM1.5G
10.1016/j.jpowsour.2025.237926,2025-07,n-i-p,,20.84,experimental,AM1.5G
10.1002/aenm.202405941,2025-05,unspecified,,14.2,experimental,AM1.5G
10.1021/acsami.5c07089,2025-07,p-i-n,24.01,24.65,experimental,AM1.5G
10.1002/adma.202514735,2025-11,p-i-n,26.23,26.23,experimental,AM1.5G
10.1002/anie.202516433,2025-09,p-i-n,,26.19,experimental,AM1.5G
10.1038/s41467-024-55653-5,2025-02,p-i-n,26.02,26.53,experimental,AM1.5G
10.1038/s41467-025-66225-6,2025-12,n-i-p,,26.43,scale_up,AM1.5G
10.1016/j.esci.2025.100451,2025-07,p-i-n,26.56,26.74,experimental,AM1.5G
10.1038/s41566-025-01791-1,2025-11,p-i-n,26.96,27.02,experimental,AM1.5G
10.1002/cey2.710,2025-03,unspecified,,12.22,experimental,AM1.5G
10.1002/adma.202419573,2025-03,unspecified,,30.3,experimental,AM1.5G
10.1126/science.adv4701,2025-04,p-i-n,,26,experimental,AM1.5G
10.1038/s41467-024-55652-6,2025-01,p-i-n,22.9,23.7,experimental,AM1.5G
10.1038/s41467-025-56409-5,2025-01,unspecified,25.44,26.05,experimental,AM1.5G
10.1038/s41467-025-64550-4,2025-10,unspecified,26.48,26.7,experimental,AM1.5G
10.1021/acs.nanolett.5c03589,2025-10,p-i-n,,25.5,experimental,AM1.5G
10.1021/acsenergylett.5c01599,2025-06,unspecified,,24.16,experimental,AM1.5G
10.1021/acsenergylett.5c02406,2025-10,unspecified,,20.6,experimental,AM1.5G
10.1039/d4ee06142j,,unspecified,,15.02,experimental,AM1.5G
10.1002/aenm.202405212,2025-02,unspecified,,25.39,experimental,AM1.5G
10.1002/anie.202502117,2025-05,n-i-p,,26.13,experimental,AM1.5G
10.1002/anie.202509065,2025-08,p-i-n,,26.11,experimental,AM1.5G
10.1002/anie.202518592,2025-10,unspecified,26.33,26.66,experimental,AM1.5G
10.1038/s41467-025-64728-w,2025-11,p-i-n,26.4,26.63,scale_up,AM1.5G
10.1002/adma.202413841,2025-01,unspecified,,25.51,experimental,AM1.5G
10.1002/adma.202506291,2025-08,unspecified,,25.8,scale_up,AM1.5G
10.1002/aenm.202500598,2025-04,p-i-n,18.73,18.73,scale_up,AM1.5G
10.1038/s41467-025-66752-2,2025-11,n-i-p,20.95,20.95,scale_up,AM1.5G
10.1021/acsenergylett.4c03233,2025-01,unspecified,,25.5,scale_up,AM1.5G
10.1002/solr.202400750,2025-01,unspecified,,17.2,scale_up,AM1.5G
10.1002/aenm.202404797,2025-02,p-i-n,,23.2,experimental,AM1.5G
10.1021/acsenergylett.5c01538,2025-09,unspecified,,25.86,scale_up,AM1.5G
10.1002/adma.202419329,2025-02,n-i-p,21.39,24.15,scale_up,AM1.5G
10.1002/adma.202417289,2025-02,unspecified,,25.28,scale_up,AM1.5G
10.1002/adma.202501057,2025-04,unspecified,25.67,26.05,scale_up,AM1.5G
10.1002/adma.202420130,2025-04,unspecified,,18.0,scale_up,AM1.5G
10.1002/adfm.202503717,2025-04,unspecified,,17.78,scale_up,AM1.5G
10.1002/adfm.202527433,2025-12,unspecified,,21.1,experimental,AM1.5G
10.48550/arxiv.2510.08401,2025-10,p-i-n,,21.3,experimental,AM1.5G
10.26434/chemrxiv-2025-d8194,2025-02,unspecified,,3.05,experimental,AM1.5G
10.20944/preprints202502.1818.v1,2025-02,unspecified,,21.74,experimental,AM1.5G
10.26434/chemrxiv-2025-1chx1,2025-11,n-i-p,,22.2,experimental,AM1.5G
10.26434/chemrxiv-2025-rhzlk,2025-01,n-i-p,,25,scale_up,AM1.5G
10.48550/arxiv.2506.03611,2025-06,p-i-n,,23.89,experimental,AM1.5G
10.1364/opticaopen.30738665,2025-11,n-i-p,,29.11,experimental,AM1.5G
10.1364/opticaopen.30738665.v1,2025-11,n-i-p,,29.11,experimental,AM1.5G
10.26434/chemrxiv-2025-pj33k,2025-05,unspecified,,2.1,experimental,AM1.5G
10.26434/chemrxiv-2025-hh400,2025-06,unspecified,,21.9,experimental,AM1.5G
10.48550/arxiv.2511.19158,2025-11,unspecified,,6.26,experimental,AM1.5G
