work_key,month,field,value,grounded,grounded_legacy_metric,ungrounded_class,shipped_legacy_guard,legacy_guard_reason,shipped_fixed_guard,fixed_guard_reason
10.1002/adfm.202521919,2026-01,pce_champion,22.5,True,True,,True,shipped,True,shipped
10.1002/adfm.202521919,2026-01,pce_certified,20.04,True,True,,True,shipped,True,shipped
10.1002/adfm.202521919,2026-01,t80_h,600,True,True,,True,shipped,True,shipped
10.1002/adfm.202524231,2026-01,pce_champion,26.08,True,True,,True,shipped,True,shipped
10.1002/adfm.202526993,2026-01,pce_champion,26.18,True,True,,True,shipped,True,shipped
10.1002/adfm.202529837,2026-01,pce_champion,25.53,True,True,,True,shipped,True,shipped
10.1002/adfm.202530978,2026-01,pce_champion,23.27,True,True,,True,shipped,True,shipped
10.1002/adfm.202531784,2026-01,pce_champion,25.05,True,True,,True,shipped,True,shipped
10.1002/adfm.202531831,2026-01,pce_champion,25.24,True,True,,True,shipped,True,shipped
10.1002/adfm.202531852,2026-01,pce_champion,25.32,True,True,,True,shipped,True,shipped
10.1002/adma.202517596,2026-01,pce_certified,27.1,True,True,,True,shipped,True,shipped
10.1002/adma.202518582,2026-01,pce_champion,26.61,True,True,,False,anchor_not_verbatim,False,anchor_not_verbatim
10.1002/adma.202518582,2026-01,active_area_cm2,100,True,True,,True,shipped,True,shipped
10.1002/adma.202519138,2026-01,pce_champion,26.35,True,True,,True,shipped,True,shipped
10.1002/adma.202519138,2026-01,t80_h,1392,True,True,,True,shipped,True,shipped
10.1002/adma.202519934,2026-01,pce_champion,16.29,True,True,,True,shipped,True,shipped
10.1002/adma.202519934,2026-01,pce_certified,15.88,True,True,,True,shipped,True,shipped
10.1002/adma.202521878,2026-01,pce_champion,26.07,True,True,,True,shipped,True,shipped
10.1002/adma.202522652,2026-01,pce_champion,25.23,True,True,,True,shipped,True,shipped
10.1002/adma.202523338,2026-01,pce_champion,29.35,True,True,,True,shipped,True,shipped
10.1002/adma.202523338,2026-01,pce_certified,28.98,True,True,,True,shipped,True,shipped
10.1002/adma.202523338,2026-01,active_area_cm2,0.05,True,True,,True,shipped,True,shipped
10.1002/advs.202522461,2026-01,pce_champion,23.14,True,True,,True,shipped,True,shipped
10.1002/aenm.202505931,2026-01,pce_champion,13.78,True,True,,True,shipped,True,shipped
10.1002/aenm.202505931,2026-01,active_area_cm2,900,False,False,unit_conversion,False,value_not_in_anchor,False,value_not_in_anchor
10.1002/aenm.202506140,2026-01,pce_champion,22.19,True,True,,True,shipped,True,shipped
10.1002/aenm.202506619,2026-01,pce_champion,31.85,True,True,,True,shipped,True,shipped
10.1002/aenm.202506630,2026-01,pce_champion,21.67,True,True,,True,shipped,True,shipped
10.1002/aenm.202506634,2026-01,pce_champion,28.41,True,True,,True,shipped,True,shipped
10.1002/anie.202513535,2026-01,pce_champion,26.29,True,True,,False,anchor_not_verbatim,False,anchor_not_verbatim
10.1002/anie.202523665,2026-01,pce_champion,26.6,True,True,,True,shipped,True,shipped
10.1002/anie.202523665,2026-01,pce_certified,26.24,True,True,,True,shipped,True,shipped
10.1002/pip.70070,2026-01,pce_champion,22.93,True,True,,True,shipped,True,shipped
10.1002/rar2.70162,2026-01,pce_champion,16.0,True,True,,True,shipped,True,shipped
10.1002/rar2.70162,2026-01,pce_certified,15.06,True,True,,True,shipped,True,shipped
10.1002/smll.202508334,2026-01,pce_champion,21.82,True,True,,True,shipped,True,shipped
10.1002/smll.202508334,2026-01,active_area_cm2,1,True,True,,True,shipped,True,shipped
10.1002/smll.202510652,2026-01,pce_champion,28.63,True,True,,True,shipped,True,shipped
10.1002/smll.202512469,2026-01,pce_champion,23.25,True,True,,True,shipped,True,shipped
10.1002/smll.202512942,2026-01,pce_champion,26.12,True,True,,True,shipped,True,shipped
10.1002/smll.202513111,2026-01,pce_champion,20.55,True,True,,True,shipped,True,shipped
10.1002/smll.202513842,2026-01,pce_champion,22.97,True,True,,True,shipped,True,shipped
10.1002/smll.202514524,2026-01,pce_champion,25.17,True,True,,True,shipped,True,shipped
10.1007/s40820-025-01959-y,2026-01,pce_champion,30.97,True,True,,True,shipped,True,shipped
10.1007/s40820-025-01959-y,2026-01,pce_certified,23.42,True,True,,True,shipped,True,shipped
10.1007/s40820-025-01962-3,2026-01,pce_champion,29.73,True,True,,True,shipped,True,shipped
10.1007/s40820-025-01962-3,2026-01,pce_certified,28.25,True,True,,True,shipped,True,shipped
10.1007/s40820-025-01962-3,2026-01,active_area_cm2,1.012,True,True,,True,shipped,True,shipped
10.1007/s40820-025-02006-6,2026-01,pce_champion,28.49,True,True,,True,shipped,True,shipped
10.1007/s40820-025-02010-w,2026-01,pce_champion,25.6,True,True,,True,shipped,True,shipped
10.1007/s40820-025-02037-z,2026-01,pce_champion,26.49,True,True,,True,shipped,True,shipped
10.1007/s40820-025-02037-z,2026-01,pce_certified,25.56,True,True,,True,shipped,True,shipped
10.1016/j.decarb.2026.100147,2026-01,pce_champion,24.75,True,True,,True,shipped,True,shipped
10.1016/j.decarb.2026.100147,2026-01,active_area_cm2,0.039,True,True,,True,shipped,True,shipped
10.1016/j.matre.2026.100406,2026-01,pce_champion,20.62,True,True,,True,shipped,True,shipped
10.1021/acs.jpclett.5c03815,2026-01,pce_champion,23.19,True,True,,True,shipped,True,shipped
10.1021/acs.nanolett.5c05593,2026-01,pce_champion,26.1,True,True,,True,shipped,True,shipped
10.1021/acs.nanolett.5c05593,2026-01,pce_certified,25.66,True,True,,True,shipped,True,shipped
10.1021/acsaem.5c03125,2026-01,pce_champion,20.21,True,True,,True,shipped,True,shipped
10.1021/acsaem.5c03260,2026-01,pce_champion,14.6,True,True,,True,shipped,True,shipped
10.1021/acsaem.5c03964,2026-01,pce_champion,0.955,True,True,,True,shipped,True,shipped
10.1021/acsami.5c12441,2026-01,pce_champion,6.17,True,True,,True,shipped,True,shipped
10.1021/acsami.5c18622,2026-01,pce_champion,20.9,True,True,,True,shipped,True,shipped
10.1021/acsami.5c18622,2026-01,t80_h,460,True,True,,True,shipped,True,shipped
10.1021/acsami.5c22927,2026-01,pce_champion,24.09,True,True,,True,shipped,True,shipped
10.1021/acsami.5c22974,2026-01,pce_champion,20.41,True,True,,True,shipped,True,shipped
10.1021/acsami.5c23126,2026-01,pce_champion,22.67,True,True,,True,shipped,True,shipped
10.1021/acsami.5c23126,2026-01,active_area_cm2,4,True,True,,True,shipped,True,shipped
10.1021/acsenergylett.5c03328,2026-01,pce_champion,26.39,True,True,,True,shipped,True,shipped
10.1021/acsenergylett.5c03470,2026-01,pce_champion,25.46,True,True,,True,shipped,True,shipped
10.1021/acsenergylett.5c03901,2026-01,pce_champion,26.01,True,True,,True,shipped,True,shipped
10.1021/acsenergylett.5c03901,2026-01,active_area_cm2,14,True,True,,True,shipped,True,shipped
10.1021/jacs.5c16976,2026-01,pce_champion,26.66,True,True,,True,shipped,True,shipped
10.1021/jacs.5c16976,2026-01,pce_certified,26.35,True,True,,True,shipped,True,shipped
10.1038/s41467-025-68125-1,2026-01,pce_champion,20.4,True,True,,True,shipped,True,shipped
10.1038/s41467-025-68207-0,2026-01,pce_champion,26.2,True,True,,True,shipped,True,shipped
10.1038/s41467-025-68207-0,2026-01,active_area_cm2,0.072,True,True,,True,shipped,True,shipped
10.1038/s41467-025-68213-2,2026-01,pce_champion,29.2,True,True,,True,shipped,True,shipped
10.1038/s41467-025-68213-2,2026-01,pce_certified,29.2,True,True,,True,shipped,True,shipped
10.1038/s41467-025-68219-w,2026-01,pce_champion,24.31,True,True,,True,shipped,True,shipped
10.1038/s41467-025-68231-0,2026-01,pce_certified,25.62,True,True,,True,shipped,True,shipped
10.1038/s41467-025-68231-0,2026-01,active_area_cm2,22.8,True,True,,True,shipped,True,shipped
10.1038/s41467-026-68439-8,2026-01,pce_champion,26.5,True,True,,True,shipped,True,shipped
10.1038/s41467-026-68439-8,2026-01,active_area_cm2,0.0665,True,True,,True,shipped,True,shipped
10.1038/s41467-026-68904-4,2026-01,pce_champion,27.11,True,True,,True,shipped,True,shipped
10.1038/s41467-026-68904-4,2026-01,pce_certified,26.3,True,True,,True,shipped,True,shipped
10.1126/science.aea0656,2026-01,pce_champion,25.4,True,True,,True,shipped,True,shipped
10.1126/science.aea0656,2026-01,pce_certified,25.4,True,True,,True,shipped,True,shipped
10.1126/science.aea0656,2026-01,active_area_cm2,1.1,True,True,,True,shipped,True,shipped
10.1126/science.aea8228,2026-01,pce_champion,26.6,True,True,,True,shipped,True,shipped
10.1126/science.aea8228,2026-01,pce_certified,26.5,True,True,,True,shipped,True,shipped
10.1186/s43074-025-00219-x,2026-01,pce_champion,22.5,True,True,,True,shipped,True,shipped
10.1186/s43074-025-00219-x,2026-01,active_area_cm2,0.1,True,True,,True,shipped,True,shipped
10.26434/chemrxiv.10001581/v1,2026-01,pce_champion,12.16,True,True,,True,shipped,True,shipped
10.3390/nano16030188,2026-01,pce_champion,17.93,True,True,,True,shipped,True,shipped
10.48550/arxiv.2601.23191,2026-01,pce_champion,24.2,True,True,,True,shipped,True,shipped
10.1002/adfm.202524302,2026-02,pce_champion,25.82,True,True,,True,shipped,True,shipped
10.1002/adfm.202526679,2026-02,pce_champion,26,True,True,,True,shipped,True,shipped
10.1002/adfm.202529457,2026-02,pce_champion,25.5,True,True,,True,shipped,True,shipped
10.1002/adfm.202532066,2026-02,pce_champion,21.13,True,True,,True,shipped,True,shipped
10.1002/adfm.202532100,2026-02,pce_champion,25,False,False,rounding,False,anchor_not_verbatim,False,anchor_not_verbatim
10.1002/adfm.74503,2026-02,pce_champion,28.42,True,True,,True,shipped,True,shipped
10.1002/adfm.74659,2026-02,pce_champion,28.58,True,True,,True,shipped,True,shipped
10.1002/adma.202519267,2026-02,pce_champion,26.45,True,True,,True,shipped,True,shipped
10.1002/adma.202519339,2026-02,pce_champion,28.01,True,True,,True,shipped,True,shipped
10.1002/adma.202519339,2026-02,pce_certified,25.94,True,True,,True,shipped,True,shipped
10.1002/adma.202520776,2026-02,pce_champion,24.3,True,True,,True,shipped,True,shipped
10.1002/adma.202520776,2026-02,active_area_cm2,1,True,True,,True,shipped,True,shipped
10.1002/adma.202521129,2026-02,pce_champion,32.19,True,True,,True,shipped,True,shipped
10.1002/adma.202521129,2026-02,pce_certified,23.48,True,True,,True,shipped,True,shipped
10.1002/adma.202522508,2026-02,pce_champion,26.5,True,True,,True,shipped,True,shipped
10.1002/adma.202522508,2026-02,pce_certified,26.22,True,True,,True,shipped,True,shipped
10.1002/adma.202522508,2026-02,active_area_cm2,0.06,True,True,,True,shipped,True,shipped
10.1002/adma.202522942,2026-02,pce_champion,29.03,True,True,,True,shipped,True,shipped
10.1002/adma.72622,2026-02,pce_champion,26.9,True,True,,True,shipped,True,shipped
10.1002/adma.72622,2026-02,pce_certified,26.5,True,True,,True,shipped,True,shipped
10.1002/advs.202524013,2026-02,pce_champion,23.29,True,True,,True,shipped,True,shipped
10.1002/aenm.202503291,2026-02,pce_champion,23.45,True,True,,True,shipped,True,shipped
10.1002/aenm.202504928,2026-02,pce_champion,22.3,True,True,,True,shipped,True,shipped
10.1002/aenm.202505854,2026-02,pce_champion,22.53,True,True,,True,shipped,True,shipped
10.1002/aenm.202505854,2026-02,pce_certified,21.95,True,True,,True,shipped,True,shipped
10.1002/aenm.202506610,2026-02,pce_champion,22.2,True,True,,True,shipped,True,shipped
10.1002/aenm.70755,2026-02,pce_champion,28.34,True,True,,True,shipped,True,shipped
10.1002/aenm.70755,2026-02,pce_certified,20.02,True,True,,True,shipped,True,shipped
10.1002/anie.202516537,2026-02,pce_champion,26.41,True,True,,True,shipped,True,shipped
10.1002/anie.202516537,2026-02,active_area_cm2,64.68,True,True,,True,shipped,True,shipped
10.1002/anie.202516537,2026-02,t80_h,800,True,True,,True,shipped,True,shipped
10.1002/anie.202523799,2026-02,pce_champion,25.79,True,True,,True,shipped,True,shipped
10.1002/anie.202525815,2026-02,pce_champion,26.9,True,True,,True,shipped,True,shipped
10.1002/anie.202525815,2026-02,pce_certified,26.75,True,True,,True,shipped,True,shipped
10.1002/anie.202525815,2026-02,active_area_cm2,10.24,True,True,,True,shipped,True,shipped
10.1002/ente.202502217,2026-02,pce_champion,17.79,True,True,,True,shipped,True,shipped
10.1002/pip.70076,2026-02,pce_champion,25.77,True,True,,True,shipped,True,shipped
10.1002/pip.70083,2026-02,pce_champion,21.12,True,True,,True,shipped,True,shipped
10.1002/smll.202511627,2026-02,pce_champion,22.21,True,True,,True,shipped,True,shipped
10.1002/smll.202512151,2026-02,pce_champion,20.41,True,True,,True,shipped,True,shipped
10.1002/smll.202513958,2026-02,pce_champion,29,True,True,,True,shipped,True,shipped
10.1002/smll.202514211,2026-02,pce_champion,25.02,True,True,,True,shipped,True,shipped
10.1002/smll.72953,2026-02,pce_champion,25.54,True,True,,True,shipped,True,shipped
10.1002/solr.202500698,2026-02,pce_champion,20.3,True,True,,True,shipped,True,shipped
10.1002/solr.202500840,2026-02,pce_champion,21.3,True,True,,True,shipped,True,shipped
10.1002/solr.202500840,2026-02,t80_h,700,True,True,,True,shipped,True,shipped
10.1002/solr.202500859,2026-02,pce_champion,15.52,True,True,,True,shipped,True,shipped
10.1002/solr.202500906,2026-02,pce_champion,19.61,True,True,,True,shipped,True,shipped
10.1002/solr.202500951,2026-02,pce_champion,22.14,True,True,,True,shipped,True,shipped
10.1007/s40820-025-02058-8,2026-02,pce_champion,26.22,True,True,,True,shipped,True,shipped
10.1007/s40820-025-02058-8,2026-02,active_area_cm2,1,True,True,,True,shipped,True,shipped
10.1007/s40820-026-02098-8,2026-02,pce_champion,26.13,True,True,,True,shipped,True,shipped
10.1007/s40820-026-02112-z,2026-02,pce_champion,21.56,True,True,,True,shipped,True,shipped
10.1016/j.egyr.2026.109131,2026-02,pce_champion,32.39,True,True,,True,shipped,True,shipped
10.1016/j.scib.2026.02.050,2026-02,pce_champion,26.54,True,True,,True,shipped,True,shipped
10.1016/j.solener.2026.114393,2026-02,pce_champion,23.26,True,True,,True,shipped,True,shipped
10.1016/j.solmat.2026.114173,2026-02,pce_champion,20.28,True,True,,True,shipped,True,shipped
10.1016/j.solmat.2026.114223,2026-02,pce_champion,22.1,True,True,,True,shipped,True,shipped
10.1016/j.solmat.2026.114223,2026-02,active_area_cm2,16,True,True,,True,shipped,True,shipped
10.1021/acs.jpclett.5c03830,2026-02,pce_champion,24.9,True,True,,True,shipped,True,shipped
10.1021/acs.jpclett.5c03830,2026-02,active_area_cm2,0.055,True,True,,True,shipped,True,shipped
10.1021/acs.jpclett.5c04038,2026-02,pce_champion,25.72,True,True,,True,shipped,True,shipped
10.1021/acs.jpclett.6c00022,2026-02,pce_champion,19.35,True,True,,True,shipped,True,shipped
10.1021/acsaem.5c03517,2026-02,pce_champion,20.2,True,True,,True,shipped,True,shipped
10.1021/acsaem.5c03517,2026-02,t80_h,1347,True,True,,True,shipped,True,shipped
10.1021/acsaem.5c03794,2026-02,pce_champion,8.0,True,True,,True,shipped,True,shipped
10.1021/acsaem.5c03966,2026-02,pce_champion,12.46,True,True,,False,anchor_not_verbatim,False,anchor_not_verbatim
10.1021/acsaem.5c04086,2026-02,pce_champion,6.92,True,True,,True,shipped,True,shipped
10.1021/acsaem.6c00408,2026-02,pce_champion,25.13,True,True,,True,shipped,True,shipped
10.1021/acsami.5c20363,2026-02,pce_champion,20.2,True,True,,True,shipped,True,shipped
10.1021/acsami.5c21487,2026-02,pce_champion,23.27,True,True,,True,shipped,True,shipped
10.1021/acsami.5c21997,2026-02,pce_champion,22.4,True,True,,True,shipped,True,shipped
10.1021/acsami.5c22032,2026-02,pce_champion,20.8,True,True,,True,shipped,True,shipped
10.1021/acsami.5c22032,2026-02,active_area_cm2,59.5,True,True,,True,shipped,True,shipped
10.1021/acsami.5c22032,2026-02,t80_h,450,True,True,,True,shipped,True,shipped
10.1021/acsami.5c23217,2026-02,pce_champion,21.22,True,True,,True,shipped,True,shipped
10.1021/acsami.5c23217,2026-02,active_area_cm2,0.06,True,True,,True,shipped,True,shipped
10.1021/acsami.5c23217,2026-02,t80_h,4000,True,True,,True,shipped,True,shipped
10.1021/acsami.5c24295,2026-02,pce_champion,11.0,True,True,,True,shipped,True,shipped
10.1021/acsami.5c24295,2026-02,active_area_cm2,7.2,True,True,,True,shipped,True,shipped
10.1021/acsenergylett.5c04010,2026-02,active_area_cm2,1,True,True,,True,shipped,True,shipped
10.1021/acsenergylett.5c04127,2026-02,pce_champion,32.73,True,True,,True,shipped,True,shipped
10.1021/acsenergylett.5c04127,2026-02,pce_certified,32.46,True,True,,True,shipped,True,shipped
10.1021/acsenergylett.5c04203,2026-02,pce_certified,24.5,True,True,,True,shipped,True,shipped
10.1021/acsenergylett.5c04203,2026-02,active_area_cm2,1,True,True,,True,shipped,True,shipped
10.1021/acsnano.5c18423,2026-02,pce_champion,22.51,True,True,,True,shipped,True,shipped
10.1021/acsnano.5c18423,2026-02,active_area_cm2,10,True,True,,True,shipped,True,shipped
10.1021/acsnano.5c21709,2026-02,pce_champion,25.61,True,True,,True,shipped,True,shipped
10.1021/acsnano.5c21709,2026-02,pce_certified,25.11,True,True,,True,shipped,True,shipped
10.1021/acsnano.5c21709,2026-02,active_area_cm2,10.04,True,True,,True,shipped,True,shipped
10.1021/jacs.5c18303,2026-02,pce_champion,26.4,True,True,,True,shipped,True,shipped
10.1021/jacs.5c18303,2026-02,pce_certified,26.4,True,True,,True,shipped,True,shipped
10.1021/jacs.5c18303,2026-02,active_area_cm2,0.05,True,True,,True,shipped,True,shipped
10.1038/s41467-025-68236-9,2026-02,pce_champion,25,True,True,,True,shipped,True,shipped
10.1038/s41467-026-69198-2,2026-02,pce_champion,26.18,True,True,,True,shipped,True,shipped
10.1038/s41467-026-69198-2,2026-02,pce_certified,26.23,True,True,,True,shipped,True,shipped
10.1038/s41467-026-69264-9,2026-02,pce_champion,20.32,True,True,,True,shipped,True,shipped
10.1038/s41467-026-69264-9,2026-02,active_area_cm2,10.13,True,True,,True,shipped,True,shipped
10.1038/s41467-026-69391-3,2026-02,pce_champion,26.62,True,True,,True,shipped,True,shipped
10.1038/s41467-026-69391-3,2026-02,pce_certified,26.07,True,True,,True,shipped,True,shipped
10.1038/s41467-026-69685-6,2026-02,pce_champion,24.7,True,True,,True,shipped,True,shipped
10.1038/s41467-026-69685-6,2026-02,pce_certified,23.55,True,True,,True,shipped,True,shipped
10.1038/s41467-026-69685-6,2026-02,active_area_cm2,25,True,True,,True,shipped,True,shipped
10.1038/s41560-026-01993-z,2026-02,pce_champion,27.2,True,True,,True,shipped,True,shipped
10.1038/s41560-026-01993-z,2026-02,pce_certified,26.9,True,True,,True,shipped,True,shipped
10.1038/s41563-026-02494-w,2026-02,pce_champion,27.2,True,True,,True,shipped,True,shipped
10.1038/s41563-026-02494-w,2026-02,pce_certified,18.35,True,True,,True,shipped,True,shipped
10.1038/s41563-026-02494-w,2026-02,active_area_cm2,1,True,True,,True,shipped,True,shipped
10.1038/s41563-026-02494-w,2026-02,t80_h,1080,True,False,,False,value_not_in_anchor,True,shipped
10.1126/sciadv.aea7629,2026-02,pce_champion,26.3,True,True,,True,shipped,True,shipped
10.1126/sciadv.aea7629,2026-02,pce_certified,25.8,True,True,,True,shipped,True,shipped
10.1126/sciadv.aea7629,2026-02,active_area_cm2,0.07,True,True,,True,shipped,True,shipped
10.1126/science.aea3339,2026-02,pce_champion,27.1,True,True,,True,shipped,True,shipped
10.1126/science.aea3339,2026-02,pce_certified,26.6,True,True,,True,shipped,True,shipped
10.1186/s40580-026-00541-5,2026-02,pce_champion,16.88,True,True,,True,shipped,True,shipped
10.26599/nre.2026.9120218,2026-02,pce_champion,25.06,True,True,,True,shipped,True,shipped
10.48550/arxiv.2602.04914,2026-02,pce_champion,26.0,True,True,,True,shipped,True,shipped
10.48550/arxiv.2602.15759,2026-02,pce_champion,31.76,True,True,,True,shipped,True,shipped
10.1002/adfm.202526009,2026-03,pce_champion,31.43,True,True,,True,shipped,True,shipped
10.1002/adfm.202530037,2026-03,pce_champion,26.1,True,True,,True,shipped,True,shipped
10.1002/adfm.202531060,2026-03,pce_champion,25.27,True,True,,True,shipped,True,shipped
10.1002/adfm.202531734,2026-03,pce_champion,26.2,True,True,,True,shipped,True,shipped
10.1002/adfm.202532203,2026-03,pce_champion,19.89,True,True,,False,anchor_not_verbatim,False,anchor_not_verbatim
10.1002/adfm.202532203,2026-03,active_area_cm2,16.41,True,True,,True,shipped,True,shipped
10.1002/adfm.202532205,2026-03,active_area_cm2,900,True,True,,False,anchor_not_verbatim,False,anchor_not_verbatim
10.1002/adfm.74817,2026-03,pce_champion,25,True,True,,True,shipped,True,shipped
10.1002/adfm.74893,2026-03,pce_champion,25.81,True,True,,False,anchor_not_verbatim,False,anchor_not_verbatim
10.1002/adfm.74893,2026-03,t80_h,4000,True,True,,False,anchor_not_verbatim,False,anchor_not_verbatim
10.1002/adfm.75040,2026-03,pce_champion,25.31,True,True,,True,shipped,True,shipped
10.1002/adfm.75104,2026-03,pce_champion,25.82,True,True,,True,shipped,True,shipped
10.1002/adfm.75159,2026-03,pce_champion,25,True,True,,True,shipped,True,shipped
10.1002/adma.202520432,2026-03,pce_champion,26.84,True,True,,True,shipped,True,shipped
10.1002/adma.202520432,2026-03,pce_certified,26.78,True,True,,True,shipped,True,shipped
10.1002/adma.202521898,2026-03,pce_champion,28.59,True,True,,True,shipped,True,shipped
10.1002/adma.202521898,2026-03,pce_certified,19.95,True,True,,True,shipped,True,shipped
10.1002/adma.202521898,2026-03,active_area_cm2,0.0396,True,True,,True,shipped,True,shipped
10.1002/adma.202522790,2026-03,pce_champion,29.58,True,True,,True,shipped,True,shipped
10.1002/adma.202523249,2026-03,pce_champion,26.58,True,True,,True,shipped,True,shipped
10.1002/adma.202523249,2026-03,pce_certified,26.13,True,True,,True,shipped,True,shipped
10.1002/adma.202523630,2026-03,pce_champion,26.52,True,True,,True,shipped,True,shipped
10.1002/adma.72738,2026-03,pce_champion,32.43,True,True,,True,shipped,True,shipped
10.1002/adma.72755,2026-03,pce_champion,29.67,True,True,,True,shipped,True,shipped
10.1002/adma.72756,2026-03,pce_champion,22.76,True,True,,True,shipped,True,shipped
10.1002/adma.72756,2026-03,pce_certified,21.69,True,True,,True,shipped,True,shipped
10.1002/adma.72823,2026-03,pce_champion,26.95,True,True,,True,shipped,True,shipped
10.1002/adma.72823,2026-03,pce_certified,26.69,True,True,,True,shipped,True,shipped
10.1002/adma.72936,2026-03,pce_champion,29.01,True,True,,False,anchor_not_verbatim,False,anchor_not_verbatim
10.1002/adom.202503341,2026-03,pce_certified,34.85,True,True,,True,shipped,True,shipped
10.1002/advs.202524311,2026-03,pce_champion,25.54,True,True,,True,shipped,True,shipped
10.1002/advs.202524338,2026-03,pce_champion,21.65,True,True,,True,shipped,True,shipped
10.1002/aenm.202506423,2026-03,pce_champion,25.29,True,True,,True,shipped,True,shipped
10.1002/aenm.202506494,2026-03,pce_champion,22.2,True,True,,True,shipped,True,shipped
10.1002/aenm.202506494,2026-03,active_area_cm2,1.41,True,True,,True,shipped,True,shipped
10.1002/aenm.202506760,2026-03,pce_champion,25.92,True,True,,True,shipped,True,shipped
10.1002/aenm.202506762,2026-03,pce_champion,23.5,True,True,,True,shipped,True,shipped
10.1002/aenm.202506762,2026-03,active_area_cm2,1.0,True,True,,True,shipped,True,shipped
10.1002/aenm.70806,2026-03,pce_certified,26.35,True,True,,True,shipped,True,shipped
10.1002/aenm.70814,2026-03,pce_champion,26.73,True,True,,True,shipped,True,shipped
10.1002/anie.202519239,2026-03,pce_champion,25.53,True,True,,True,shipped,True,shipped
10.1002/anie.202520159,2026-03,pce_champion,25.57,True,True,,True,shipped,True,shipped
10.1002/anie.3450174,2026-03,pce_champion,26.22,True,True,,True,shipped,True,shipped
10.1002/anie.4012708,2026-03,pce_champion,26.48,True,True,,True,shipped,True,shipped
10.1002/anie.4012708,2026-03,active_area_cm2,11.0,True,True,,True,shipped,True,shipped
10.1002/anie.5296449,2026-03,pce_champion,15.42,True,True,,True,shipped,True,shipped
10.1002/anie.5319815,2026-03,pce_champion,26.52,True,True,,True,shipped,True,shipped
10.1002/anie.8473744,2026-03,pce_champion,26.88,True,True,,True,shipped,True,shipped
10.1002/anie.8890696,2026-03,pce_champion,26.49,True,True,,True,shipped,True,shipped
10.1002/anie.8890696,2026-03,pce_certified,26.2,True,True,,True,shipped,True,shipped
10.1002/eem2.70329,2026-03,pce_champion,20.8,True,True,,True,shipped,True,shipped
10.1002/eem2.70329,2026-03,t80_h,800,True,True,,True,shipped,True,shipped
10.1002/ente.202502035,2026-03,pce_champion,15.63,True,True,,True,shipped,True,shipped
10.1002/flm2.70045,2026-03,pce_champion,27.5,True,True,,True,shipped,True,shipped
10.1002/flm2.70045,2026-03,pce_certified,23.0,True,True,,True,shipped,True,shipped
10.1002/flm2.70045,2026-03,active_area_cm2,0.049,True,True,,True,shipped,True,shipped
10.1002/inf2.70132,2026-03,pce_champion,22.44,True,True,,True,shipped,True,shipped
10.1002/inf2.70140,2026-03,pce_champion,26.34,True,True,,True,shipped,True,shipped
10.1002/inf2.70140,2026-03,pce_certified,25.9,True,True,,True,shipped,True,shipped
10.1002/lpor.202501531,2026-03,pce_champion,24.71,True,True,,True,shipped,True,shipped
10.1002/pip.70077,2026-03,pce_champion,21.87,True,True,,True,shipped,True,shipped
10.1002/pip.70077,2026-03,t80_h,1600,True,True,,True,shipped,True,shipped
10.1002/pip.70101,2026-03,pce_champion,20.54,True,True,,True,shipped,True,shipped
10.1002/smll.202512864,2026-03,pce_champion,19.5,True,True,,True,shipped,True,shipped
10.1002/smll.202513845,2026-03,pce_champion,22.4,True,True,,True,shipped,True,shipped
10.1002/smll.202514249,2026-03,pce_champion,25.38,True,True,,True,shipped,True,shipped
10.1002/smll.202514478,2026-03,pce_champion,25.63,True,True,,True,shipped,True,shipped
10.1002/smll.202514478,2026-03,active_area_cm2,20.25,True,True,,True,shipped,True,shipped
10.1002/smll.202514519,2026-03,pce_champion,2.11,True,True,,True,shipped,True,shipped
10.1002/smll.202600050,2026-03,pce_champion,23.3,True,True,,True,shipped,True,shipped
10.1002/smll.202600050,2026-03,active_area_cm2,0.09,True,True,,True,shipped,True,shipped
10.1002/solr.202600003,2026-03,pce_champion,16.5,True,True,,True,shipped,True,shipped
10.1002/solr.202600005,2026-03,pce_champion,24.96,True,True,,True,shipped,True,shipped
10.1002/solr.202600009,2026-03,pce_champion,18.11,True,True,,True,shipped,True,shipped
10.1002/solr.70310,2026-03,pce_champion,21.04,True,True,,True,shipped,True,shipped
10.1002/solr.70317,2026-03,pce_champion,23.81,True,True,,True,shipped,True,shipped
10.1002/solr.70318,2026-03,pce_champion,22,True,True,,True,shipped,True,shipped
10.1002/solr.70322,2026-03,pce_champion,22.04,True,True,,True,shipped,True,shipped
10.1002/solr.70324,2026-03,pce_champion,22.5,True,True,,True,shipped,True,shipped
10.1002/solr.70324,2026-03,active_area_cm2,0.105,True,True,,True,shipped,True,shipped
10.1002/solr.70324,2026-03,t80_h,1200,True,True,,True,shipped,True,shipped
10.1007/s40820-026-02145-4,2026-03,pce_champion,26.13,True,True,,True,shipped,True,shipped
10.1007/s40820-026-02150-7,2026-03,pce_champion,26.12,True,True,,True,shipped,True,shipped
10.1016/j.chempr.2026.102941,2026-03,pce_champion,23.67,True,True,,True,shipped,True,shipped
10.1016/j.esci.2026.100563,2026-03,pce_champion,32.17,True,True,,True,shipped,True,shipped
10.1016/j.esci.2026.100563,2026-03,pce_certified,31.93,True,True,,True,shipped,True,shipped
10.1016/j.esci.2026.100563,2026-03,active_area_cm2,1.0,True,True,,True,shipped,True,shipped
10.1016/j.jcis.2026.140227,2026-03,pce_champion,25.44,True,True,,True,shipped,True,shipped
10.1016/j.joule.2025.102310,2026-03,pce_champion,26.13,True,True,,True,shipped,True,shipped
10.1016/j.mtsust.2026.101347,2026-03,pce_champion,21.64,True,True,,True,shipped,True,shipped
10.1021/acs.jpclett.6c00054,2026-03,pce_champion,24.05,True,True,,True,shipped,True,shipped
10.1021/acs.jpclett.6c00286,2026-03,pce_champion,24.13,True,True,,True,shipped,True,shipped
10.1021/acs.jpclett.6c00402,2026-03,pce_champion,11.81,True,True,,True,shipped,True,shipped
10.1021/acs.nanolett.5c06029,2026-03,pce_champion,25.75,True,True,,True,shipped,True,shipped
10.1021/acsaem.5c03696,2026-03,pce_champion,19.16,True,True,,True,shipped,True,shipped
10.1021/acsaem.5c04004,2026-03,pce_champion,17.13,True,True,,True,shipped,True,shipped
10.1021/acsaem.5c04098,2026-03,pce_champion,17.07,True,True,,True,shipped,True,shipped
10.1021/acsaem.6c00059,2026-03,active_area_cm2,0.09,True,True,,True,shipped,True,shipped
10.1021/acsaem.6c00375,2026-03,pce_champion,20.69,True,True,,True,shipped,True,shipped
10.1021/acsaem.6c00375,2026-03,active_area_cm2,0.148,True,True,,True,shipped,True,shipped
10.1021/acsaem.6c00562,2026-03,pce_champion,26.41,True,True,,True,shipped,True,shipped
10.1021/acsami.5c20743,2026-03,pce_champion,25.47,True,True,,True,shipped,True,shipped
10.1021/acsami.5c24915,2026-03,pce_champion,25.04,True,True,,True,shipped,True,shipped
10.1021/acsami.6c00054,2026-03,pce_champion,26.09,True,True,,True,shipped,True,shipped
10.1021/acsami.6c00384,2026-03,pce_champion,20.7,True,True,,True,shipped,True,shipped
10.1021/acsami.6c00384,2026-03,active_area_cm2,1.0,True,True,,True,shipped,True,shipped
10.1021/acsenergylett.5c03999,2026-03,pce_champion,26.06,True,True,,True,shipped,True,shipped
10.1021/acsenergylett.5c04082,2026-03,pce_champion,31.7,True,True,,True,shipped,True,shipped
10.1021/acsenergylett.5c04174,2026-03,pce_champion,16.36,True,True,,True,shipped,True,shipped
10.1021/acsenergylett.5c04210,2026-03,pce_champion,10.6,True,True,,True,shipped,True,shipped
10.1021/acsenergylett.5c04243,2026-03,pce_champion,28.43,True,True,,True,shipped,True,shipped
10.1021/acsenergylett.6c00328,2026-03,pce_champion,21.5,True,True,,True,shipped,True,shipped
10.1021/acsenergylett.6c00385,2026-03,pce_champion,15.69,True,True,,True,shipped,True,shipped
10.1021/acsnano.5c18895,2026-03,pce_champion,26.3,True,True,,True,shipped,True,shipped
10.1021/jacs.6c02548,2026-03,pce_champion,26.56,True,True,,True,shipped,True,shipped
10.1021/jacs.6c02548,2026-03,pce_certified,26.37,True,True,,True,shipped,True,shipped
10.1021/jacs.6c02548,2026-03,t80_h,1400,True,True,,True,shipped,True,shipped
10.1038/s41467-026-69687-4,2026-03,pce_champion,22.6,True,True,,True,shipped,True,shipped
10.1038/s41467-026-69687-4,2026-03,pce_certified,22.02,True,True,,True,shipped,True,shipped
10.1038/s41467-026-70002-4,2026-03,pce_champion,19.45,True,True,,True,shipped,True,shipped
10.1038/s41467-026-70002-4,2026-03,active_area_cm2,60,True,True,,True,shipped,True,shipped
10.1038/s41467-026-70022-0,2026-03,pce_champion,26.55,True,True,,True,shipped,True,shipped
10.1038/s41467-026-70022-0,2026-03,active_area_cm2,1,True,True,,True,shipped,True,shipped
10.1038/s41467-026-70293-7,2026-03,pce_champion,26,True,True,,True,shipped,True,shipped
10.1038/s41467-026-70697-5,2026-03,pce_champion,26.5,True,True,,True,shipped,True,shipped
10.1038/s41467-026-70848-8,2026-03,pce_champion,28.16,True,True,,True,shipped,True,shipped
10.1038/s41467-026-70848-8,2026-03,pce_certified,27.7,True,True,,True,shipped,True,shipped
10.1038/s41467-026-70848-8,2026-03,active_area_cm2,64.64,True,True,,True,shipped,True,shipped
10.1038/s41560-026-02027-4,2026-03,pce_champion,26.25,True,True,,True,shipped,True,shipped
10.1038/s41560-026-02027-4,2026-03,pce_certified,25.61,True,True,,True,shipped,True,shipped
10.1063/5.0297564,2026-03,pce_champion,23.43,True,True,,True,shipped,True,shipped
10.1063/5.0297564,2026-03,active_area_cm2,10.3,True,True,,True,shipped,True,shipped
10.48550/arxiv.2603.21657,2026-03,pce_champion,23.67,True,True,,True,shipped,True,shipped
10.48550/arxiv.2603.21657,2026-03,active_area_cm2,15.52,True,True,,True,shipped,True,shipped
10.1002/adfm.202527584,2026-04,pce_champion,25.7,True,True,,True,shipped,True,shipped
10.1002/adfm.202527584,2026-04,t80_h,2000,True,True,,True,shipped,True,shipped
10.1002/adfm.202529123,2026-04,pce_champion,25.56,True,True,,True,shipped,True,shipped
10.1002/adfm.202529123,2026-04,active_area_cm2,23.4,True,True,,True,shipped,True,shipped
10.1002/adfm.202530317,2026-04,pce_champion,26.44,True,True,,True,shipped,True,shipped
10.1002/adfm.75295,2026-04,pce_champion,26.47,True,True,,True,shipped,True,shipped
10.1002/adfm.75311,2026-04,pce_champion,31.8,True,True,,True,shipped,True,shipped
10.1002/adfm.75347,2026-04,pce_champion,26.13,True,True,,True,shipped,True,shipped
10.1002/adfm.75347,2026-04,active_area_cm2,0.048,True,True,,True,shipped,True,shipped
10.1002/adfm.75370,2026-04,pce_champion,26.25,True,True,,True,shipped,True,shipped
10.1002/adfm.75386,2026-04,pce_champion,25.4,True,True,,True,shipped,True,shipped
10.1002/adfm.75395,2026-04,pce_champion,28.24,True,True,,True,shipped,True,shipped
10.1002/adfm.75412,2026-04,pce_champion,26.02,True,True,,True,shipped,True,shipped
10.1002/adfm.75435,2026-04,pce_champion,26.32,True,True,,True,shipped,True,shipped
10.1002/adfm.75548,2026-04,pce_champion,21.5,True,True,,True,shipped,True,shipped
10.1002/adma.202520251,2026-04,pce_champion,26.61,True,True,,True,shipped,True,shipped
10.1002/adma.202520251,2026-04,active_area_cm2,1,True,True,,True,shipped,True,shipped
10.1002/adma.202520577,2026-04,pce_champion,26.2,True,True,,True,shipped,True,shipped
10.1002/adma.202522668,2026-04,pce_champion,29.3,True,True,,True,shipped,True,shipped
10.1002/adma.202523276,2026-04,pce_champion,18.68,True,True,,True,shipped,True,shipped
10.1002/adma.72986,2026-04,pce_champion,26.75,True,True,,True,shipped,True,shipped
10.1002/adma.72986,2026-04,active_area_cm2,0.09,True,True,,True,shipped,True,shipped
10.1002/adma.73011,2026-04,pce_champion,28.76,True,True,,True,shipped,True,shipped
10.1002/adma.73011,2026-04,pce_certified,27.99,True,True,,True,shipped,True,shipped
10.1002/adma.73011,2026-04,t80_h,1000,True,True,,True,shipped,True,shipped
10.1002/adma.73036,2026-04,pce_champion,26.17,True,True,,True,shipped,True,shipped
10.1002/adma.73038,2026-04,pce_champion,29.36,True,True,,True,shipped,True,shipped
10.1002/adma.73038,2026-04,pce_certified,28.57,True,True,,True,shipped,True,shipped
10.1002/adma.73056,2026-04,pce_champion,25.63,True,True,,True,shipped,True,shipped
10.1002/adma.73106,2026-04,pce_champion,34.02,True,True,,True,shipped,True,shipped
10.1002/adma.73106,2026-04,pce_certified,32.81,True,True,,True,shipped,True,shipped
10.1002/adma.73161,2026-04,pce_champion,26.33,True,True,,True,shipped,True,shipped
10.1002/adma.73161,2026-04,pce_certified,26.29,True,True,,True,shipped,True,shipped
10.1002/adma.73221,2026-04,pce_champion,22.06,True,True,,True,shipped,True,shipped
10.1002/adma.73221,2026-04,active_area_cm2,1,True,True,,True,shipped,True,shipped
10.1002/advs.202524360,2026-04,pce_champion,25.13,True,True,,True,shipped,True,shipped
10.1002/advs.202524360,2026-04,t80_h,2000,True,True,,False,anchor_not_verbatim,False,anchor_not_verbatim
10.1002/aenm.202505717,2026-04,pce_champion,19.81,True,True,,True,shipped,True,shipped
10.1002/aenm.70902,2026-04,pce_champion,31.66,True,True,,True,shipped,True,shipped
10.1002/aenm.70910,2026-04,pce_champion,28.67,True,True,,True,shipped,True,shipped
10.1002/aenm.70922,2026-04,pce_champion,28.81,True,True,,True,shipped,True,shipped
10.1002/aenm.70925,2026-04,pce_champion,26.87,True,True,,True,shipped,True,shipped
10.1002/aenm.70925,2026-04,pce_certified,26.33,True,True,,True,shipped,True,shipped
10.1002/aenm.70925,2026-04,active_area_cm2,0.058,True,True,,True,shipped,True,shipped
10.1002/aenm.70939,2026-04,pce_champion,23.39,True,True,,True,shipped,True,shipped
10.1002/aenm.70945,2026-04,pce_champion,26.06,True,True,,True,shipped,True,shipped
10.1002/aenm.70966,2026-04,pce_champion,26.78,True,True,,True,shipped,True,shipped
10.1002/aenm.70966,2026-04,pce_certified,26.44,True,True,,True,shipped,True,shipped
10.1002/aenm.70966,2026-04,active_area_cm2,0.08,True,True,,True,shipped,True,shipped
10.1002/aenm.70991,2026-04,pce_champion,26.1,True,True,,True,shipped,True,shipped
10.1002/aenm.71005,2026-04,pce_champion,26.62,True,True,,True,shipped,True,shipped
10.1002/anie.202525625,2026-04,pce_champion,25.54,True,True,,True,shipped,True,shipped
10.1002/anie.202525625,2026-04,pce_certified,25.36,True,True,,True,shipped,True,shipped
10.1002/anie.202525646,2026-04,pce_champion,26.19,True,True,,True,shipped,True,shipped
10.1002/anie.3596437,2026-04,pce_champion,27.05,True,True,,True,shipped,True,shipped
10.1002/anie.3596437,2026-04,active_area_cm2,0.09,True,True,,True,shipped,True,shipped
10.1002/anie.5905435,2026-04,pce_champion,26.63,True,True,,True,shipped,True,shipped
10.1002/anie.5905435,2026-04,pce_certified,26.09,True,True,,True,shipped,True,shipped
10.1002/anie.7579788,2026-04,pce_champion,26.12,True,True,,True,shipped,True,shipped
10.1002/anie.9286497,2026-04,pce_champion,26.87,True,True,,False,anchor_not_verbatim,False,anchor_not_verbatim
10.1002/anie.9286497,2026-04,active_area_cm2,0.045,True,True,,False,anchor_not_verbatim,False,anchor_not_verbatim
10.1002/anie.9286497,2026-04,t80_h,500,True,True,,True,shipped,True,shipped
10.1002/anie.9551164,2026-04,pce_champion,26.53,True,True,,True,shipped,True,shipped
10.1002/anie.9551164,2026-04,pce_certified,26.37,True,True,,True,shipped,True,shipped
10.1002/anie.9708831,2026-04,pce_champion,26.76,True,True,,True,shipped,True,shipped
10.1002/cey2.70236,2026-04,pce_champion,25.4,True,True,,True,shipped,True,shipped
10.1002/ente.202502317,2026-04,pce_champion,27.61,True,True,,True,shipped,True,shipped
10.1002/ente.202502597,2026-04,pce_champion,15.5,True,True,,True,shipped,True,shipped
10.1002/ente.70483,2026-04,pce_champion,13.41,True,True,,True,shipped,True,shipped
10.1002/smll.202512808,2026-04,pce_champion,35.54,True,True,,True,shipped,True,shipped
10.1002/smll.73319,2026-04,pce_champion,25.32,True,True,,False,anchor_not_verbatim,False,anchor_not_verbatim
10.1002/smll.73348,2026-04,pce_champion,25.24,True,True,,True,shipped,True,shipped
10.1002/smll.73351,2026-04,pce_champion,23.1,True,True,,True,shipped,True,shipped
10.1002/smll.73353,2026-04,pce_champion,26.1,True,True,,True,shipped,True,shipped
10.1002/smll.73353,2026-04,active_area_cm2,0.09,True,True,,True,shipped,True,shipped
10.1002/smll.73404,2026-04,pce_champion,23.69,True,True,,True,shipped,True,shipped
10.1002/smll.73436,2026-04,pce_champion,26.47,True,True,,True,shipped,True,shipped
10.1002/smll.73482,2026-04,pce_champion,22.56,True,True,,True,shipped,True,shipped
10.1002/smll.73517,2026-04,pce_champion,25.39,True,True,,True,shipped,True,shipped
10.1002/smll.73539,2026-04,pce_champion,25.37,True,True,,True,shipped,True,shipped
10.1002/smll.73566,2026-04,pce_champion,11.55,True,True,,True,shipped,True,shipped
10.1002/smll.73568,2026-04,pce_champion,21.7,True,True,,True,shipped,True,shipped
10.1002/smtd.70654,2026-04,pce_champion,41.6,True,True,,True,shipped,True,shipped
10.1002/smtd.70654,2026-04,active_area_cm2,3.9,True,True,,False,anchor_not_verbatim,False,anchor_not_verbatim
10.1002/solr.70323,2026-04,pce_champion,22.17,True,True,,True,shipped,True,shipped
10.1002/solr.70342,2026-04,pce_champion,25.79,True,True,,True,shipped,True,shipped
10.1002/solr.70344,2026-04,pce_champion,22.45,True,True,,True,shipped,True,shipped
10.1002/solr.70351,2026-04,pce_champion,23.75,True,True,,True,shipped,True,shipped
10.1002/solr.70353,2026-04,pce_champion,23.3,True,True,,True,shipped,True,shipped
10.1002/solr.70353,2026-04,active_area_cm2,694.5,True,True,,True,shipped,True,shipped
10.1002/solr.70354,2026-04,pce_champion,13.84,True,True,,True,shipped,True,shipped
10.1002/solr.70358,2026-04,pce_champion,17.61,True,True,,True,shipped,True,shipped
10.1007/s40820-026-02190-z,2026-04,pce_champion,25.8,True,True,,True,shipped,True,shipped
10.1016/j.cej.2026.176242,2026-04,pce_champion,7.78,True,True,,True,shipped,True,shipped
10.1016/j.cej.2026.176242,2026-04,active_area_cm2,64,True,True,,True,shipped,True,shipped
10.1016/j.rineng.2026.110377,2026-04,pce_champion,12.53,True,True,,True,shipped,True,shipped
10.1021/acs.jpclett.6c00211,2026-04,pce_champion,23.5,True,True,,True,shipped,True,shipped
10.1021/acs.jpclett.6c00345,2026-04,pce_champion,25.8,True,True,,True,shipped,True,shipped
10.1021/acs.jpclett.6c00826,2026-04,pce_champion,26.13,True,True,,True,shipped,True,shipped
10.1021/acs.jpclett.6c00826,2026-04,t80_h,460,True,True,,True,shipped,True,shipped
10.1021/acsaem.6c00280,2026-04,pce_champion,17.45,True,True,,True,shipped,True,shipped
10.1021/acsaem.6c00491,2026-04,pce_champion,25.06,True,True,,True,shipped,True,shipped
10.1021/acsami.5c26214,2026-04,pce_champion,25.46,True,True,,True,shipped,True,shipped
10.1021/acsami.6c00645,2026-04,pce_champion,14.51,True,True,,True,shipped,True,shipped
10.1021/acsami.6c00997,2026-04,pce_champion,24.22,True,True,,True,shipped,True,shipped
10.1021/acsami.6c02006,2026-04,pce_champion,22.83,True,True,,True,shipped,True,shipped
10.1021/acsami.6c02481,2026-04,pce_champion,15.23,True,True,,True,shipped,True,shipped
10.1021/acsami.6c03372,2026-04,pce_champion,26.63,True,True,,True,shipped,True,shipped
10.1021/acsami.6c03372,2026-04,active_area_cm2,0.09,True,True,,True,shipped,True,shipped
10.1021/acsami.6c03670,2026-04,pce_champion,23.64,True,True,,True,shipped,True,shipped
10.1021/acsami.6c03928,2026-04,pce_champion,24.6,True,True,,True,shipped,True,shipped
10.1021/acsami.6c04956,2026-04,pce_champion,26.06,True,True,,True,shipped,True,shipped
10.1021/acsenergylett.5c03637,2026-04,pce_champion,25.65,True,True,,True,shipped,True,shipped
10.1021/acsenergylett.6c00044,2026-04,pce_champion,16.33,True,True,,True,shipped,True,shipped
10.1021/acsenergylett.6c00166,2026-04,pce_champion,32.15,True,True,,True,shipped,True,shipped
10.1021/acsenergylett.6c00507,2026-04,pce_champion,24.1,True,True,,True,shipped,True,shipped
10.1021/acsenergylett.6c00617,2026-04,pce_champion,28.77,True,True,,True,shipped,True,shipped
10.1021/acsenergylett.6c00617,2026-04,pce_certified,28.53,True,True,,True,shipped,True,shipped
10.1021/acsenergylett.6c00983,2026-04,pce_champion,25.1,True,True,,True,shipped,True,shipped
10.1021/acsenergylett.6c00983,2026-04,t80_h,1380,True,True,,True,shipped,True,shipped
10.1021/acssuschemeng.5c13860,2026-04,pce_champion,26.31,True,True,,True,shipped,True,shipped
10.1021/jacs.6c02024,2026-04,pce_champion,29.6,True,True,,True,shipped,True,shipped
10.1038/s41467-026-71301-6,2026-04,pce_champion,26.95,True,True,,True,shipped,True,shipped
10.1038/s41467-026-71301-6,2026-04,pce_certified,26.57,True,True,,True,shipped,True,shipped
10.1038/s41467-026-71301-6,2026-04,active_area_cm2,0.0717,True,True,,True,shipped,True,shipped
10.1038/s41467-026-71845-7,2026-04,pce_champion,21.41,True,True,,True,shipped,True,shipped
10.1038/s41467-026-71845-7,2026-04,pce_certified,27.02,True,True,,True,shipped,True,shipped
10.1038/s41467-026-72094-4,2026-04,pce_champion,31.04,True,True,,True,shipped,True,shipped
10.1038/s41467-026-72094-4,2026-04,active_area_cm2,1.0,True,True,,True,shipped,True,shipped
10.1038/s41467-026-72097-1,2026-04,pce_champion,27.03,True,True,,True,shipped,True,shipped
10.1038/s41467-026-72097-1,2026-04,pce_certified,27.03,True,True,,True,shipped,True,shipped
10.1038/s41467-026-72099-z,2026-04,pce_champion,21.54,True,True,,True,shipped,True,shipped
10.1038/s41467-026-72099-z,2026-04,pce_certified,21.54,True,True,,True,shipped,True,shipped
10.1038/s41467-026-72099-z,2026-04,t80_h,1210,True,True,,True,shipped,True,shipped
10.1038/s41467-026-72115-2,2026-04,pce_champion,26.84,True,True,,True,shipped,True,shipped
10.1038/s41467-026-72115-2,2026-04,pce_certified,26.79,True,True,,True,shipped,True,shipped
10.1038/s41467-026-72159-4,2026-04,pce_champion,26.48,True,True,,True,shipped,True,shipped
10.1038/s41467-026-72159-4,2026-04,pce_certified,26.48,True,True,,True,shipped,True,shipped
10.1038/s41467-026-72160-x,2026-04,pce_champion,33.4,True,True,,True,shipped,True,shipped
10.1038/s41467-026-72160-x,2026-04,pce_certified,32.45,True,True,,True,shipped,True,shipped
10.1038/s41467-026-72272-4,2026-04,pce_champion,11.22,True,True,,True,shipped,True,shipped
10.1038/s41467-026-72272-4,2026-04,pce_certified,11.22,True,True,,True,shipped,True,shipped
10.1038/s41467-026-72272-4,2026-04,active_area_cm2,0.022,True,True,,True,shipped,True,shipped
10.1038/s41565-026-02165-6,2026-04,pce_champion,30.3,True,True,,True,shipped,True,shipped
10.1038/s41565-026-02165-6,2026-04,pce_certified,30.3,True,True,,True,shipped,True,shipped
10.1126/sciadv.aec3238,2026-04,pce_champion,26.59,True,True,,True,shipped,True,shipped
10.1126/sciadv.aec3238,2026-04,pce_certified,25.55,True,True,,True,shipped,True,shipped
10.1126/sciadv.aed2200,2026-04,pce_champion,26.3,True,True,,True,shipped,True,shipped
10.1126/sciadv.aed2200,2026-04,pce_certified,25.6,True,True,,True,shipped,True,shipped
10.20517/energymater.2025.183,2026-04,pce_champion,24.18,True,True,,True,shipped,True,shipped
10.22541/au.177516296.69014470/v1,2026-04,pce_champion,24.32,True,True,,True,shipped,True,shipped
10.26434/chemrxiv.15001694/v1,2026-04,pce_champion,32.1,True,True,,True,shipped,True,shipped
10.48550/arxiv.2604.11264,2026-04,pce_champion,23.62,True,True,,True,shipped,True,shipped
10.1002/adfm.202532110,2026-05,pce_champion,26.15,True,True,,True,shipped,True,shipped
10.1002/adfm.75640,2026-05,pce_champion,22.9,True,True,,True,shipped,True,shipped
10.1002/adfm.75664,2026-05,pce_champion,14.34,True,True,,True,shipped,True,shipped
10.1002/adfm.75673,2026-05,pce_champion,21.36,True,True,,True,shipped,True,shipped
10.1002/adfm.75697,2026-05,pce_champion,27.1,True,True,,True,shipped,True,shipped
10.1002/adfm.75697,2026-05,pce_certified,26.4,True,True,,True,shipped,True,shipped
10.1002/adfm.75743,2026-05,pce_champion,26.07,True,True,,True,shipped,True,shipped
10.1002/adfm.75843,2026-05,pce_champion,26.15,True,True,,True,shipped,True,shipped
10.1002/adfm.76110,2026-05,pce_champion,25.05,True,True,,True,shipped,True,shipped
10.1002/adfm.76110,2026-05,t80_h,4100,True,True,,True,shipped,True,shipped
10.1002/adfm.76197,2026-05,pce_champion,26.11,True,True,,True,shipped,True,shipped
10.1002/adfm.76198,2026-05,pce_champion,26.55,True,True,,True,shipped,True,shipped
10.1002/adma.202519143,2026-05,pce_champion,15.27,True,True,,True,shipped,True,shipped
10.1002/adma.73286,2026-05,pce_champion,26.7,True,True,,True,shipped,True,shipped
10.1002/adma.73286,2026-05,pce_certified,26.64,True,True,,True,shipped,True,shipped
10.1002/adma.73286,2026-05,active_area_cm2,21.5,True,True,,True,shipped,True,shipped
10.1002/adma.73306,2026-05,pce_champion,26.77,True,True,,True,shipped,True,shipped
10.1002/adma.73306,2026-05,pce_certified,26.71,True,True,,True,shipped,True,shipped
10.1002/adma.73358,2026-05,pce_champion,26.89,True,True,,True,shipped,True,shipped
10.1002/adma.73358,2026-05,pce_certified,26.64,True,True,,True,shipped,True,shipped
10.1002/adma.73358,2026-05,active_area_cm2,25,False,False,rounding,False,value_not_in_anchor,False,value_not_in_anchor
10.1002/adma.73373,2026-05,pce_champion,26.31,True,True,,True,shipped,True,shipped
10.1002/adma.73373,2026-05,pce_certified,25.85,True,True,,True,shipped,True,shipped
10.1002/adma.73373,2026-05,active_area_cm2,13.04,True,True,,True,shipped,True,shipped
10.1002/adma.73373,2026-05,t80_h,1200,True,True,,True,shipped,True,shipped
10.1002/adma.73382,2026-05,pce_champion,26.31,True,True,,True,shipped,True,shipped
10.1002/adma.73382,2026-05,pce_certified,26.07,True,True,,True,shipped,True,shipped
10.1002/adma.73382,2026-05,active_area_cm2,1,True,True,,True,shipped,True,shipped
10.1002/adma.73390,2026-05,pce_champion,25.41,True,True,,True,shipped,True,shipped
10.1002/adma.73502,2026-05,pce_champion,21.56,True,True,,True,shipped,True,shipped
10.1002/adma.73502,2026-05,active_area_cm2,10.08,True,True,,True,shipped,True,shipped
10.1002/adma.73502,2026-05,t80_h,1000,True,True,,True,shipped,True,shipped
10.1002/adma.73529,2026-05,pce_champion,27.07,True,True,,True,shipped,True,shipped
10.1002/adma.73529,2026-05,pce_certified,26.85,True,True,,True,shipped,True,shipped
10.1002/adma.73539,2026-05,pce_champion,26.41,True,True,,True,shipped,True,shipped
10.1002/advs.75864,2026-05,pce_champion,25.48,True,True,,True,shipped,True,shipped
10.1002/aenm.71036,2026-05,pce_champion,31.25,True,True,,True,shipped,True,shipped
10.1002/aenm.71036,2026-05,active_area_cm2,1,True,True,,True,shipped,True,shipped
10.1002/aenm.71068,2026-05,pce_champion,26.87,True,True,,True,shipped,True,shipped
10.1002/aenm.71068,2026-05,pce_certified,26.31,True,True,,True,shipped,True,shipped
10.1002/aenm.71068,2026-05,active_area_cm2,47.84,True,True,,True,shipped,True,shipped
10.1002/aenm.71077,2026-05,pce_champion,32.74,True,True,,True,shipped,True,shipped
10.1002/aenm.71077,2026-05,pce_certified,31.52,True,True,,True,shipped,True,shipped
10.1002/aenm.71102,2026-05,pce_champion,25.02,True,True,,True,shipped,True,shipped
10.1002/aenm.71105,2026-05,pce_champion,26.61,True,True,,True,shipped,True,shipped
10.1002/aenm.71107,2026-05,pce_champion,33.74,True,True,,True,shipped,True,shipped
10.1002/aenm.71107,2026-05,pce_certified,33.37,True,True,,True,shipped,True,shipped
10.1002/aenm.71111,2026-05,pce_champion,26.62,True,True,,True,shipped,True,shipped
10.1002/aenm.71111,2026-05,active_area_cm2,651,True,True,,True,shipped,True,shipped
10.1002/aenm.71115,2026-05,pce_champion,25.91,True,True,,True,shipped,True,shipped
10.1002/anie.3088935,2026-05,pce_champion,25.33,True,True,,True,shipped,True,shipped
10.1002/anie.3920745,2026-05,pce_champion,26.33,True,True,,True,shipped,True,shipped
10.1002/anie.3920745,2026-05,pce_certified,25.98,True,True,,True,shipped,True,shipped
10.1002/anie.4293157,2026-05,pce_champion,22.41,True,True,,True,shipped,True,shipped
10.1002/anie.4293157,2026-05,pce_certified,21.74,True,True,,True,shipped,True,shipped
10.1002/anie.4293157,2026-05,active_area_cm2,0.074,True,True,,True,shipped,True,shipped
10.1002/anie.5162616,2026-05,pce_champion,32.26,True,True,,True,shipped,True,shipped
10.1002/anie.5162616,2026-05,pce_certified,32.1,True,True,,True,shipped,True,shipped
10.1002/anie.5162616,2026-05,active_area_cm2,1,True,True,,True,shipped,True,shipped
10.1002/anie.7292679,2026-05,pce_champion,17.26,True,True,,True,shipped,True,shipped
10.1002/anie.7292679,2026-05,active_area_cm2,900,True,True,,True,shipped,True,shipped
10.1002/cey2.70227,2026-05,pce_champion,20.14,True,True,,True,shipped,True,shipped
10.1002/cey2.70260,2026-05,pce_champion,23.48,True,True,,True,shipped,True,shipped
10.1002/ece2.70082,2026-05,pce_champion,25.37,True,True,,True,shipped,True,shipped
10.1002/ece2.70082,2026-05,active_area_cm2,0.09,True,True,,True,shipped,True,shipped
10.1002/ente.70525,2026-05,pce_champion,4.26,True,True,,True,shipped,True,shipped
10.1002/inf2.70153,2026-05,pce_champion,19.37,True,True,,True,shipped,True,shipped
10.1002/inf2.70153,2026-05,active_area_cm2,64,True,True,,True,shipped,True,shipped
10.1002/smll.202513734,2026-05,pce_champion,20.01,True,True,,True,shipped,True,shipped
10.1002/smll.73595,2026-05,pce_champion,29.05,True,True,,True,shipped,True,shipped
10.1002/smll.73621,2026-05,pce_champion,25.95,True,True,,True,shipped,True,shipped
10.1002/smll.73673,2026-05,pce_champion,26.6,True,True,,True,shipped,True,shipped
10.1002/smll.73673,2026-05,active_area_cm2,0.09,True,True,,True,shipped,True,shipped
10.1002/smll.73761,2026-05,pce_champion,25.81,True,True,,True,shipped,True,shipped
10.1002/smll.73854,2026-05,pce_champion,18.52,True,True,,True,shipped,True,shipped
10.1002/smll.73886,2026-05,pce_champion,26.1,True,True,,True,shipped,True,shipped
10.1002/smll.73891,2026-05,pce_champion,26.41,True,True,,True,shipped,True,shipped
10.1002/smll.73891,2026-05,active_area_cm2,0.096,True,True,,True,shipped,True,shipped
10.1002/smll.74000,2026-05,pce_champion,21.2,True,True,,True,shipped,True,shipped
10.1002/smll.74000,2026-05,active_area_cm2,10.0,True,True,,True,shipped,True,shipped
10.1002/smtd.70748,2026-05,pce_champion,25.12,True,True,,True,shipped,True,shipped
10.1002/solr.202500960,2026-05,pce_champion,15.27,True,True,,True,shipped,True,shipped
10.1002/solr.202600004,2026-05,pce_champion,22.4,True,True,,True,shipped,True,shipped
10.1002/solr.70374,2026-05,pce_champion,20.96,True,True,,True,shipped,True,shipped
10.1002/solr.70387,2026-05,pce_champion,27.26,True,True,,True,shipped,True,shipped
10.1002/solr.70387,2026-05,t80_h,300,True,True,,True,shipped,True,shipped
10.1002/solr.70388,2026-05,pce_champion,9.07,True,True,,True,shipped,True,shipped
10.1007/s40243-026-00371-9,2026-05,pce_champion,32.41,True,True,,True,shipped,True,shipped
10.1007/s40820-026-02225-5,2026-05,pce_champion,44.36,True,True,,True,shipped,True,shipped
10.1007/s40820-026-02244-2,2026-05,pce_champion,26.1,True,True,,True,shipped,True,shipped
10.1016/j.esci.2026.100601,2026-05,pce_certified,18.48,True,True,,True,shipped,True,shipped
10.1021/acs.jpclett.6c00745,2026-05,pce_champion,25.31,True,True,,True,shipped,True,shipped
10.1021/acs.jpclett.6c00952,2026-05,pce_champion,25.79,True,True,,True,shipped,True,shipped
10.1021/acs.jpclett.6c01042,2026-05,pce_champion,26.8,True,True,,True,shipped,True,shipped
10.1021/acsaem.6c00285,2026-05,pce_champion,18.4,True,True,,True,shipped,True,shipped
10.1021/acsaem.6c01139,2026-05,pce_champion,23.25,True,True,,True,shipped,True,shipped
10.1021/acsami.6c01711,2026-05,pce_champion,32.03,True,True,,True,shipped,True,shipped
10.1021/acsami.6c02555,2026-05,pce_champion,18.22,True,True,,True,shipped,True,shipped
10.1021/acsami.6c04007,2026-05,pce_champion,21.58,True,True,,True,shipped,True,shipped
10.1021/acsami.6c04287,2026-05,pce_champion,22.5,True,True,,True,shipped,True,shipped
10.1021/acsami.6c06052,2026-05,pce_champion,25.82,True,True,,True,shipped,True,shipped
10.1021/acsami.6c06303,2026-05,pce_champion,15,True,True,,True,shipped,True,shipped
10.1021/acsenergylett.6c00227,2026-05,pce_champion,28.43,True,True,,True,shipped,True,shipped
10.1021/acsenergylett.6c00227,2026-05,pce_certified,28.34,True,True,,True,shipped,True,shipped
10.1021/acsenergylett.6c00476,2026-05,pce_champion,26.47,True,True,,True,shipped,True,shipped
10.1021/acsenergylett.6c00476,2026-05,pce_certified,26.03,True,True,,True,shipped,True,shipped
10.1021/acsenergylett.6c00476,2026-05,active_area_cm2,65.24,True,True,,True,shipped,True,shipped
10.1021/acsenergylett.6c00737,2026-05,pce_champion,26.2,True,True,,True,shipped,True,shipped
10.1021/acsenergylett.6c00771,2026-05,pce_champion,23.48,True,True,,True,shipped,True,shipped
10.1021/acsenergylett.6c00820,2026-05,pce_champion,21.1,True,True,,True,shipped,True,shipped
10.1021/acsenergylett.6c00820,2026-05,pce_certified,20.62,True,True,,True,shipped,True,shipped
10.1021/acsenergylett.6c00820,2026-05,active_area_cm2,1,True,True,,True,shipped,True,shipped
10.1021/acsenergylett.6c00867,2026-05,pce_champion,23.71,True,True,,True,shipped,True,shipped
10.1021/acsenergylett.6c00879,2026-05,pce_champion,21.4,True,True,,True,shipped,True,shipped
10.1021/acsenergylett.6c00952,2026-05,pce_champion,9.1,True,True,,True,shipped,True,shipped
10.1021/acsnano.6c04740,2026-05,pce_champion,24.19,True,True,,True,shipped,True,shipped
10.1038/s41467-026-71017-7,2026-05,pce_champion,29.8,True,True,,True,shipped,True,shipped
10.1038/s41467-026-71017-7,2026-05,pce_certified,23.47,True,True,,True,shipped,True,shipped
10.1038/s41467-026-72790-1,2026-05,pce_champion,26.71,True,True,,True,shipped,True,shipped
10.1038/s41467-026-72790-1,2026-05,pce_certified,26.15,True,True,,True,shipped,True,shipped
10.1038/s41467-026-72790-1,2026-05,active_area_cm2,1,True,True,,True,shipped,True,shipped
10.1038/s41467-026-72793-y,2026-05,pce_champion,26.34,True,True,,True,shipped,True,shipped
10.1038/s41467-026-72793-y,2026-05,pce_certified,26.27,True,True,,True,shipped,True,shipped
10.1038/s41467-026-72793-y,2026-05,active_area_cm2,14,True,True,,True,shipped,True,shipped
10.1038/s41467-026-72794-x,2026-05,pce_champion,33.84,True,True,,True,shipped,True,shipped
10.1038/s41467-026-72794-x,2026-05,pce_certified,33.5,True,True,,True,shipped,True,shipped
10.1038/s41467-026-72794-x,2026-05,active_area_cm2,1,True,True,,True,shipped,True,shipped
10.1038/s41467-026-72794-x,2026-05,t80_h,800,True,True,,False,not_object,False,not_object
10.1038/s41467-026-73210-0,2026-05,pce_champion,29.95,True,True,,True,shipped,True,shipped
10.1038/s41467-026-73210-0,2026-05,pce_certified,29.44,True,True,,True,shipped,True,shipped
10.1038/s41467-026-73426-0,2026-05,pce_champion,27.1,True,True,,True,shipped,True,shipped
10.1038/s41467-026-73426-0,2026-05,pce_certified,26.9,True,True,,True,shipped,True,shipped
10.1038/s41467-026-73620-0,2026-05,pce_champion,26.35,True,True,,True,shipped,True,shipped
10.1038/s41467-026-73656-2,2026-05,pce_champion,33.04,True,True,,True,shipped,True,shipped
10.1038/s41467-026-73656-2,2026-05,pce_certified,33.04,True,True,,True,shipped,True,shipped
10.1038/s41467-026-73709-6,2026-05,pce_champion,20.72,True,True,,True,shipped,True,shipped
10.1038/s41467-026-73709-6,2026-05,pce_certified,20.35,True,True,,True,shipped,True,shipped
10.1038/s41467-026-73743-4,2026-05,pce_champion,26.5,True,True,,True,shipped,True,shipped
10.1038/s41467-026-73743-4,2026-05,pce_certified,25.8,True,True,,True,shipped,True,shipped
10.1038/s41560-026-02068-9,2026-05,pce_champion,24.3,True,True,,True,shipped,True,shipped
10.1038/s41586-026-10626-0,2026-05,pce_champion,27.41,True,True,,True,shipped,True,shipped
10.1038/s41586-026-10626-0,2026-05,pce_certified,27.41,True,True,,True,shipped,True,shipped
10.1038/s43246-026-01213-x,2026-05,pce_champion,22,True,True,,True,shipped,True,shipped
10.1126/sciadv.aea7043,2026-05,pce_champion,22.03,True,True,,True,shipped,True,shipped
10.1126/sciadv.aea7043,2026-05,pce_certified,21.42,True,True,,True,shipped,True,shipped
10.1126/sciadv.aec4431,2026-05,pce_champion,33.63,True,True,,True,shipped,True,shipped
10.1126/sciadv.aec4431,2026-05,pce_certified,33.48,True,True,,True,shipped,True,shipped
10.1126/sciadv.aec4431,2026-05,active_area_cm2,1,True,True,,True,shipped,True,shipped
10.1126/science.aeb9953,2026-05,pce_certified,27.6,True,True,,True,shipped,True,shipped
10.26434/chemrxiv.15003250/v2,2026-05,pce_champion,20.6,True,True,,True,shipped,True,shipped
10.48550/arxiv.2605.03673,2026-05,pce_champion,3.56,True,True,,True,shipped,True,shipped
10.48550/arxiv.2605.20242,2026-05,pce_champion,21.32,True,True,,True,shipped,True,shipped
10.1002/adfm.75637,2026-06,pce_champion,20.59,True,True,,True,shipped,True,shipped
10.1002/adfm.76218,2026-06,pce_champion,24.85,True,True,,True,shipped,True,shipped
10.1002/adfm.76243,2026-06,pce_champion,23.3,True,True,,True,shipped,True,shipped
10.1002/adfm.76257,2026-06,pce_champion,26.09,True,True,,True,shipped,True,shipped
10.1002/adfm.76257,2026-06,active_area_cm2,0.04,True,True,,True,shipped,True,shipped
10.1002/adfm.76264,2026-06,pce_champion,20.35,True,True,,True,shipped,True,shipped
10.1002/adfm.76291,2026-06,pce_champion,26.52,True,True,,True,shipped,True,shipped
10.1002/adfm.76418,2026-06,pce_champion,26.08,True,True,,True,shipped,True,shipped
10.1002/adfm.76562,2026-06,pce_champion,25.69,True,True,,True,shipped,True,shipped
10.1002/adfm.76623,2026-06,pce_champion,26.62,True,True,,False,anchor_not_verbatim,False,anchor_not_verbatim
10.1002/adfm.76643,2026-06,pce_champion,31.28,True,True,,True,shipped,True,shipped
10.1002/adfm.76756,2026-06,pce_champion,26.76,True,True,,True,shipped,True,shipped
10.1002/adfm.76756,2026-06,pce_certified,26.12,True,True,,True,shipped,True,shipped
10.1002/adfm.76756,2026-06,active_area_cm2,12,True,True,,True,shipped,True,shipped
10.1002/adma.202522825,2026-06,pce_champion,26.54,True,True,,True,shipped,True,shipped
10.1002/adma.202522825,2026-06,pce_certified,26.24,True,True,,True,shipped,True,shipped
10.1002/adma.73535,2026-06,pce_champion,26.13,True,True,,True,shipped,True,shipped
10.1002/adma.73561,2026-06,pce_champion,26.14,True,True,,True,shipped,True,shipped
10.1002/adma.73561,2026-06,active_area_cm2,0.05,True,True,,True,shipped,True,shipped
10.1002/adma.73567,2026-06,pce_champion,23.33,True,True,,True,shipped,True,shipped
10.1002/adma.73656,2026-06,pce_champion,26.6,True,True,,True,shipped,True,shipped
10.1002/adma.73656,2026-06,pce_certified,26.2,True,True,,True,shipped,True,shipped
10.1002/adma.73656,2026-06,active_area_cm2,0.0524,True,True,,True,shipped,True,shipped
10.1002/adma.73679,2026-06,pce_certified,25.56,True,True,,True,shipped,True,shipped
10.1002/adma.73679,2026-06,t80_h,10,True,True,,True,shipped,True,shipped
10.1002/adma.73682,2026-06,pce_champion,29.44,True,True,,True,shipped,True,shipped
10.1002/adma.73682,2026-06,t80_h,1080,True,True,,True,shipped,True,shipped
10.1002/adma.73713,2026-06,pce_champion,33.59,True,True,,True,shipped,True,shipped
10.1002/adma.73828,2026-06,pce_champion,26.83,True,True,,True,shipped,True,shipped
10.1002/adma.73833,2026-06,pce_champion,22.28,True,True,,True,shipped,True,shipped
10.1002/adma.73855,2026-06,pce_champion,27.12,True,True,,True,shipped,True,shipped
10.1002/adma.73855,2026-06,pce_certified,26.8,True,True,,True,shipped,True,shipped
10.1002/adma.73855,2026-06,active_area_cm2,655.2,True,True,,True,shipped,True,shipped
10.1002/advs.76010,2026-06,pce_champion,26.02,True,True,,True,shipped,True,shipped
10.1002/aenm.71123,2026-06,pce_champion,21,True,True,,True,shipped,True,shipped
10.1002/aenm.71123,2026-06,active_area_cm2,1,True,True,,True,shipped,True,shipped
10.1002/aenm.71159,2026-06,pce_certified,26.61,True,True,,False,anchor_not_verbatim,False,anchor_not_verbatim
10.1002/aenm.71159,2026-06,active_area_cm2,62.37,True,True,,False,anchor_not_verbatim,False,anchor_not_verbatim
10.1002/aenm.71170,2026-06,pce_champion,26.1,True,True,,True,shipped,True,shipped
10.1002/aenm.71170,2026-06,active_area_cm2,65,True,True,,False,anchor_not_verbatim,False,anchor_not_verbatim
10.1002/aenm.71174,2026-06,pce_champion,20.8,True,True,,True,shipped,True,shipped
10.1002/aenm.71181,2026-06,pce_champion,25.18,True,True,,True,shipped,True,shipped
10.1002/aenm.71216,2026-06,pce_champion,22.79,True,True,,True,shipped,True,shipped
10.1002/aenm.71216,2026-06,pce_certified,21.34,True,True,,True,shipped,True,shipped
10.1002/aenm.71222,2026-06,pce_champion,26.13,True,True,,True,shipped,True,shipped
10.1002/anie.2412282,2026-06,pce_champion,22.61,True,True,,True,shipped,True,shipped
10.1002/anie.2535666,2026-06,pce_champion,22.27,True,True,,True,shipped,True,shipped
10.1002/anie.2974414,2026-06,pce_champion,26.52,True,True,,True,shipped,True,shipped
10.1002/anie.2974414,2026-06,active_area_cm2,50,True,True,,True,shipped,True,shipped
10.1002/anie.4500167,2026-06,pce_champion,26.66,True,True,,True,shipped,True,shipped
10.1002/anie.4500167,2026-06,active_area_cm2,1.04,True,True,,True,shipped,True,shipped
10.1002/anie.4918900,2026-06,pce_champion,29.29,True,True,,True,shipped,True,shipped
10.1002/anie.4918900,2026-06,pce_certified,28.79,True,True,,True,shipped,True,shipped
10.1002/anie.5595275,2026-06,pce_champion,29.18,True,True,,True,shipped,True,shipped
10.1002/anie.5595275,2026-06,t80_h,500,True,True,,True,shipped,True,shipped
10.1002/anie.7010126,2026-06,pce_champion,26.47,True,True,,True,shipped,True,shipped
10.1002/cey2.70296,2026-06,pce_champion,17.25,True,True,,True,shipped,True,shipped
10.1002/eem2.70443,2026-06,pce_champion,26.33,True,True,,True,shipped,True,shipped
10.1002/eem2.70453,2026-06,pce_champion,29.08,True,True,,True,shipped,True,shipped
10.1002/ente.70501,2026-06,pce_champion,26.75,True,True,,True,shipped,True,shipped
10.1002/ente.70553,2026-06,pce_champion,31.92,True,True,,True,shipped,True,shipped
10.1002/smll.202510785,2026-06,pce_champion,26.15,True,True,,True,shipped,True,shipped
10.1002/smll.202514809,2026-06,pce_champion,23,True,True,,True,shipped,True,shipped
10.1002/smll.74043,2026-06,pce_champion,21.57,True,True,,True,shipped,True,shipped
10.1002/smll.74076,2026-06,pce_champion,21.36,True,True,,True,shipped,True,shipped
10.1002/smll.74086,2026-06,pce_champion,15.85,True,True,,True,shipped,True,shipped
10.1002/smll.74200,2026-06,pce_champion,25.13,True,True,,True,shipped,True,shipped
10.1002/smll.74278,2026-06,pce_champion,26.47,True,True,,True,shipped,True,shipped
10.1002/smll.74279,2026-06,pce_champion,24.63,True,True,,True,shipped,True,shipped
10.1002/smll.74319,2026-06,pce_champion,30.18,True,True,,True,shipped,True,shipped
10.1002/smll.74320,2026-06,pce_champion,24.08,True,True,,True,shipped,True,shipped
10.1002/smll.74328,2026-06,pce_champion,25.94,True,True,,True,shipped,True,shipped
10.1002/solr.70363,2026-06,pce_champion,18.48,True,True,,True,shipped,True,shipped
10.1002/solr.70385,2026-06,pce_champion,20.05,True,True,,True,shipped,True,shipped
10.1002/solr.70394,2026-06,pce_champion,20.05,True,True,,True,shipped,True,shipped
10.1002/solr.70405,2026-06,pce_champion,26.6,True,True,,True,shipped,True,shipped
10.1002/solr.70406,2026-06,pce_champion,20.7,True,True,,True,shipped,True,shipped
10.1002/solr.70410,2026-06,pce_champion,23.4,True,True,,True,shipped,True,shipped
10.1002/solr.70410,2026-06,active_area_cm2,1.0,True,True,,True,shipped,True,shipped
10.1007/s40243-026-00382-6,2026-06,pce_champion,29.41,True,True,,True,shipped,True,shipped
10.1016/j.cej.2026.177834,2026-06,pce_champion,11.0,True,True,,True,shipped,True,shipped
10.1016/j.cej.2026.177834,2026-06,t80_h,1000.0,True,True,,True,shipped,True,shipped
10.1016/j.chphi.2026.101092,2026-06,pce_champion,12.0,True,True,,True,shipped,True,shipped
10.1016/j.rineng.2026.111690,2026-06,pce_champion,19.93,True,True,,True,shipped,True,shipped
10.1016/j.rineng.2026.111690,2026-06,active_area_cm2,2.0,True,True,,True,shipped,True,shipped
10.1021/acs.jpclett.6c01395,2026-06,pce_champion,21.84,True,True,,True,shipped,True,shipped
10.1021/acs.jpclett.6c01458,2026-06,pce_champion,22.14,True,True,,True,shipped,True,shipped
10.1021/acs.jpclett.6c01531,2026-06,pce_champion,22.4,True,True,,True,shipped,True,shipped
10.1021/acs.jpclett.6c01600,2026-06,pce_champion,15.84,True,True,,True,shipped,True,shipped
10.1021/acs.nanolett.6c00804,2026-06,pce_champion,25.22,True,True,,True,shipped,True,shipped
10.1021/acsaem.6c00330,2026-06,pce_champion,24,True,True,,True,shipped,True,shipped
10.1021/acsaem.6c00778,2026-06,pce_champion,20.76,True,True,,True,shipped,True,shipped
10.1021/acsaem.6c01329,2026-06,pce_champion,23.3,True,True,,True,shipped,True,shipped
10.1021/acsaem.6c01363,2026-06,pce_champion,25.06,True,True,,True,shipped,True,shipped
10.1021/acsaem.6c01434,2026-06,pce_champion,7.66,True,True,,True,shipped,True,shipped
10.1021/acsaem.6c01493,2026-06,pce_champion,12.09,True,True,,True,shipped,True,shipped
10.1021/acsami.6c01472,2026-06,pce_champion,19.9,True,True,,True,shipped,True,shipped
10.1021/acsami.6c01787,2026-06,pce_champion,23.16,True,True,,True,shipped,True,shipped
10.1021/acsami.6c02373,2026-06,pce_champion,25.16,True,True,,True,shipped,True,shipped
10.1021/acsami.6c04650,2026-06,pce_champion,23.74,True,True,,True,shipped,True,shipped
10.1021/acsami.6c05001,2026-06,pce_champion,24.97,True,True,,True,shipped,True,shipped
10.1021/acsami.6c05326,2026-06,pce_champion,17.73,True,True,,True,shipped,True,shipped
10.1021/acsami.6c06698,2026-06,pce_champion,24.42,True,True,,True,shipped,True,shipped
10.1021/acsami.6c07582,2026-06,pce_champion,28.4,True,True,,True,shipped,True,shipped
10.1021/acsenergylett.6c00641,2026-06,pce_champion,14.8,True,True,,True,shipped,True,shipped
10.1021/acsenergylett.6c00703,2026-06,pce_champion,26.78,True,True,,True,shipped,True,shipped
10.1021/acsenergylett.6c01257,2026-06,pce_champion,26.93,True,True,,True,shipped,True,shipped
10.1021/acsenergylett.6c01257,2026-06,pce_certified,26.44,True,True,,True,shipped,True,shipped
10.1021/acsenergylett.6c01291,2026-06,pce_champion,26.54,True,True,,True,shipped,True,shipped
10.1021/acsenergylett.6c01291,2026-06,active_area_cm2,0.1,True,True,,True,shipped,True,shipped
10.1021/acsenergylett.6c01505,2026-06,pce_champion,10.45,True,True,,True,shipped,True,shipped
10.1021/acsmaterialslett.5c01678,2026-06,pce_champion,26.58,True,True,,True,shipped,True,shipped
10.1021/acssuschemeng.6c04546,2026-06,pce_champion,25.4,True,True,,True,shipped,True,shipped
10.1038/s41467-026-72581-8,2026-06,pce_certified,26.1,True,True,,True,shipped,True,shipped
10.1038/s41467-026-73276-w,2026-06,pce_champion,26.13,True,True,,True,shipped,True,shipped
10.1038/s41467-026-73276-w,2026-06,pce_certified,32.95,True,True,,True,shipped,True,shipped
10.1038/s41467-026-73276-w,2026-06,active_area_cm2,57.6,True,True,,True,shipped,True,shipped
10.1038/s41467-026-73739-0,2026-06,pce_champion,25.61,True,True,,True,shipped,True,shipped
10.1038/s41467-026-74107-8,2026-06,pce_champion,27.29,True,True,,True,shipped,True,shipped
10.1038/s41467-026-74107-8,2026-06,pce_certified,26.84,True,True,,True,shipped,True,shipped
10.1038/s41467-026-74285-5,2026-06,pce_champion,25.54,True,True,,True,shipped,True,shipped
10.1038/s41467-026-74288-2,2026-06,pce_champion,26.88,True,True,,True,shipped,True,shipped
10.1038/s43246-026-01252-4,2026-06,pce_champion,12.1,True,True,,True,shipped,True,shipped
10.1088/2752-5724/ae7817,2026-06,pce_champion,22.21,True,True,,True,shipped,True,shipped
10.1126/sciadv.aef6596,2026-06,pce_certified,27.28,True,True,,True,shipped,True,shipped
10.1126/sciadv.aef6596,2026-06,t80_h,3566,True,True,,True,shipped,True,shipped
10.1126/science.aef5355,2026-06,pce_champion,33.2,True,True,,True,shipped,True,shipped
10.1126/science.aef5355,2026-06,pce_certified,33.6,True,True,,True,shipped,True,shipped
10.1126/science.aef5355,2026-06,active_area_cm2,1,True,True,,True,shipped,True,shipped
10.3390/nano16130795,2026-06,pce_champion,15.44,True,True,,True,shipped,True,shipped
10.48550/arxiv.2606.12083,2026-06,pce_champion,28.85,True,True,,True,shipped,True,shipped
10.1002/adfm.76731,2026-07,pce_champion,16.16,True,True,,True,shipped,True,shipped
10.1002/adfm.76731,2026-07,t80_h,1150,True,True,,True,shipped,True,shipped
10.1002/adfm.76848,2026-07,pce_champion,25.67,True,True,,True,shipped,True,shipped
10.1002/adfm.76878,2026-07,pce_champion,25.75,True,True,,True,shipped,True,shipped
10.1002/adfm.76974,2026-07,pce_champion,25.73,True,True,,True,shipped,True,shipped
10.1002/adfm.77015,2026-07,pce_champion,26.33,True,True,,True,shipped,True,shipped
10.1002/adfm.77164,2026-07,pce_champion,26.15,True,True,,True,shipped,True,shipped
10.1002/adfm.77164,2026-07,active_area_cm2,93.1,True,True,,True,shipped,True,shipped
10.1002/adfm.77175,2026-07,pce_champion,25.76,True,True,,True,shipped,True,shipped
10.1002/adfm.77211,2026-07,pce_champion,26.07,True,True,,True,shipped,True,shipped
10.1002/adfm.77373,2026-07,pce_champion,26.32,True,True,,True,shipped,True,shipped
10.1002/adfm.77378,2026-07,pce_champion,26.13,True,True,,True,shipped,True,shipped
10.1002/adma.73807,2026-07,pce_champion,27.31,True,True,,True,shipped,True,shipped
10.1002/adma.73807,2026-07,pce_certified,27.31,True,True,,True,shipped,True,shipped
10.1002/adma.73807,2026-07,active_area_cm2,684.75,True,True,,True,shipped,True,shipped
10.1002/adma.73886,2026-07,pce_champion,26.33,True,True,,True,shipped,True,shipped
10.1002/adma.73950,2026-07,pce_champion,26.7,True,True,,True,shipped,True,shipped
10.1002/adma.74033,2026-07,pce_champion,26.9,True,True,,True,shipped,True,shipped
10.1002/adma.74033,2026-07,pce_certified,26.14,True,True,,True,shipped,True,shipped
10.1002/adma.74078,2026-07,pce_champion,30.13,True,True,,True,shipped,True,shipped
10.1002/adma.74078,2026-07,pce_certified,29.57,True,True,,True,shipped,True,shipped
10.1002/adma.74183,2026-07,pce_champion,20.85,True,True,,True,shipped,True,shipped
10.1002/adma.74220,2026-07,pce_champion,26.6,True,True,,True,shipped,True,shipped
10.1002/adma.74243,2026-07,pce_champion,26.54,True,True,,True,shipped,True,shipped
10.1002/adma.74243,2026-07,t80_h,9800,True,True,,True,shipped,True,shipped
10.1002/adma.74247,2026-07,pce_champion,26.61,True,True,,True,shipped,True,shipped
10.1002/adma.74316,2026-07,pce_champion,26.94,True,True,,True,shipped,True,shipped
10.1002/adma.74316,2026-07,pce_certified,26.94,True,True,,True,shipped,True,shipped
10.1002/adma.74316,2026-07,active_area_cm2,25,True,True,,True,shipped,True,shipped
10.1002/adma.74416,2026-07,pce_champion,26.78,True,True,,True,shipped,True,shipped
10.1002/advs.76463,2026-07,pce_champion,28,True,True,,True,shipped,True,shipped
10.1002/advs.76508,2026-07,pce_champion,26.32,True,True,,True,shipped,True,shipped
10.1002/advs.76508,2026-07,active_area_cm2,0.072,True,True,,True,shipped,True,shipped
10.1002/aenm.202506753,2026-07,pce_champion,30,True,True,,True,shipped,True,shipped
10.1002/aenm.71259,2026-07,pce_champion,23.38,True,True,,True,shipped,True,shipped
10.1002/aenm.71267,2026-07,pce_champion,26.01,True,True,,True,shipped,True,shipped
10.1002/aenm.71267,2026-07,pce_certified,25.9,True,True,,True,shipped,True,shipped
10.1002/aenm.71282,2026-07,pce_champion,26.67,True,True,,True,shipped,True,shipped
10.1002/aenm.71305,2026-07,pce_champion,27.25,True,True,,True,shipped,True,shipped
10.1002/aenm.71305,2026-07,pce_certified,26.84,True,True,,True,shipped,True,shipped
10.1002/aenm.71312,2026-07,pce_champion,25.3,True,True,,True,shipped,True,shipped
10.1002/aenm.71317,2026-07,pce_champion,31.66,True,True,,True,shipped,True,shipped
10.1002/aenm.71317,2026-07,t80_h,6785,True,True,,True,shipped,True,shipped
10.1002/aenm.71336,2026-07,pce_champion,27.84,True,True,,True,shipped,True,shipped
10.1002/anie.1018855,2026-07,pce_champion,26.87,True,True,,True,shipped,True,shipped
10.1002/anie.1676645,2026-07,pce_champion,33.21,True,True,,True,shipped,True,shipped
10.1002/anie.1676645,2026-07,pce_certified,32.13,True,True,,True,shipped,True,shipped
10.1002/anie.1678852,2026-07,pce_champion,26.76,True,True,,True,shipped,True,shipped
10.1002/anie.1678852,2026-07,active_area_cm2,655.2,True,True,,True,shipped,True,shipped
10.1002/anie.1864800,2026-07,pce_champion,26.85,True,True,,True,shipped,True,shipped
10.1002/anie.2884874,2026-07,pce_champion,25.8,True,True,,False,anchor_not_verbatim,False,anchor_not_verbatim
10.1002/anie.2924886,2026-07,pce_champion,26.81,True,True,,True,shipped,True,shipped
10.1002/anie.4177367,2026-07,pce_champion,25.24,True,True,,True,shipped,True,shipped
10.1002/anie.5216345,2026-07,pce_champion,26.12,True,True,,True,shipped,True,shipped
10.1002/anie.5216345,2026-07,active_area_cm2,0.09,True,True,,True,shipped,True,shipped
10.1002/anie.5530609,2026-07,pce_champion,32.03,True,True,,True,shipped,True,shipped
10.1002/anie.5530609,2026-07,active_area_cm2,1.05,True,True,,True,shipped,True,shipped
10.1002/anie.7090517,2026-07,pce_champion,26.82,True,True,,True,shipped,True,shipped
10.1002/anie.7827890,2026-07,pce_champion,15.56,True,True,,True,shipped,True,shipped
10.1002/anie.7827890,2026-07,pce_certified,14.67,True,True,,True,shipped,True,shipped
10.1002/anie.7827890,2026-07,active_area_cm2,0.049,True,True,,True,shipped,True,shipped
10.1002/anie.8080769,2026-07,pce_champion,27.06,True,True,,True,shipped,True,shipped
10.1002/anie.8080769,2026-07,pce_certified,26.82,True,True,,True,shipped,True,shipped
10.1002/anie.8080769,2026-07,active_area_cm2,21.54,True,True,,True,shipped,True,shipped
10.1002/cnl2.70189,2026-07,pce_champion,28.72,True,True,,True,shipped,True,shipped
10.1002/ece2.70102,2026-07,pce_champion,22.68,True,True,,True,shipped,True,shipped
10.1002/ece2.70102,2026-07,active_area_cm2,63.7,True,True,,True,shipped,True,shipped
10.1002/ente.70590,2026-07,pce_champion,30.81,True,True,,True,shipped,True,shipped
10.1002/pip.70131,2026-07,pce_champion,29.64,True,True,,True,shipped,True,shipped
10.1002/smll.74289,2026-07,pce_champion,25.53,True,True,,True,shipped,True,shipped
10.1002/smll.74356,2026-07,pce_champion,20.71,True,True,,True,shipped,True,shipped
10.1002/smll.74390,2026-07,pce_champion,18.89,True,True,,True,shipped,True,shipped
10.1002/smll.74470,2026-07,pce_champion,26.51,True,True,,True,shipped,True,shipped
10.1002/smll.74531,2026-07,pce_champion,22.2,True,True,,True,shipped,True,shipped
10.1002/smll.74604,2026-07,pce_champion,25.15,True,True,,True,shipped,True,shipped
10.1002/smll.74604,2026-07,active_area_cm2,0.04,True,True,,True,shipped,True,shipped
10.1002/smll.74660,2026-07,pce_champion,15.1,True,True,,True,shipped,True,shipped
10.1002/smll.74806,2026-07,pce_champion,23.15,True,True,,True,shipped,True,shipped
10.1002/smll.74811,2026-07,pce_champion,26.32,True,True,,True,shipped,True,shipped
10.1002/smll.74903,2026-07,pce_champion,22.0,True,True,,True,shipped,True,shipped
10.1002/smll.74999,2026-07,pce_champion,30.62,True,True,,True,shipped,True,shipped
10.1002/solr.70375,2026-07,active_area_cm2,64,True,True,,True,shipped,True,shipped
10.1002/solr.70425,2026-07,pce_champion,13.7,True,True,,True,shipped,True,shipped
10.1002/solr.70430,2026-07,pce_champion,14.57,True,True,,True,shipped,True,shipped
10.1002/solr.70430,2026-07,active_area_cm2,64,True,True,,True,shipped,True,shipped
10.1002/solr.70435,2026-07,pce_champion,24.91,True,True,,True,shipped,True,shipped
10.1002/solr.70437,2026-07,pce_champion,22.92,True,True,,True,shipped,True,shipped
10.1002/solr.70447,2026-07,pce_champion,17.75,True,True,,True,shipped,True,shipped
10.1007/s40820-026-02291-9,2026-07,pce_champion,32.5,True,True,,True,shipped,True,shipped
10.1007/s40820-026-02295-5,2026-07,pce_champion,26.19,True,True,,True,shipped,True,shipped
10.1007/s42114-026-01958-6,2026-07,pce_champion,22.16,True,True,,True,shipped,True,shipped
10.1016/j.hybadv.2026.100700,2026-07,pce_champion,29.08,True,True,,True,shipped,True,shipped
10.1016/j.hybadv.2026.100721,2026-07,pce_champion,29.1,True,True,,True,shipped,True,shipped
10.1016/j.hybadv.2026.100722,2026-07,pce_champion,28.85,True,True,,True,shipped,True,shipped
10.1016/j.joule.2026.102575,2026-07,pce_champion,27.3,True,True,,True,shipped,True,shipped
10.1016/j.nanoen.2026.112222,2026-07,pce_champion,23.26,True,True,,True,shipped,True,shipped
10.1016/j.nanoen.2026.112222,2026-07,pce_certified,23.26,True,True,,True,shipped,True,shipped
10.1016/j.nanoen.2026.112222,2026-07,active_area_cm2,0.0405,False,False,unit_conversion,False,value_not_in_anchor,False,value_not_in_anchor
10.1021/acsaem.6c01125,2026-07,pce_champion,3.01,True,True,,True,shipped,True,shipped
10.1021/acsaem.6c01370,2026-07,pce_champion,21.4,True,True,,True,shipped,True,shipped
10.1021/acsaem.6c01637,2026-07,pce_champion,21.53,True,True,,True,shipped,True,shipped
10.1021/acsaem.6c01637,2026-07,t80_h,720,True,True,,True,shipped,True,shipped
10.1021/acsaem.6c01764,2026-07,pce_champion,22.2,True,True,,True,shipped,True,shipped
10.1021/acsami.6c05331,2026-07,pce_champion,21.15,True,True,,True,shipped,True,shipped
10.1021/acsami.6c06005,2026-07,pce_champion,9.9,True,True,,True,shipped,True,shipped
10.1021/acsami.6c07418,2026-07,pce_champion,22.15,True,True,,True,shipped,True,shipped
10.1021/acsami.6c08440,2026-07,pce_champion,19.38,True,True,,True,shipped,True,shipped
10.1021/acsami.6c09672,2026-07,pce_champion,22.03,True,True,,True,shipped,True,shipped
10.1021/acsami.6c09922,2026-07,pce_champion,24.2,True,True,,True,shipped,True,shipped
10.1021/acsami.6c09922,2026-07,active_area_cm2,12,True,True,,True,shipped,True,shipped
10.1021/acsenergylett.6c00858,2026-07,pce_champion,21.5,True,True,,True,shipped,True,shipped
10.1021/acsenergylett.6c00858,2026-07,active_area_cm2,0.128,True,True,,True,shipped,True,shipped
10.1021/acsenergylett.6c01113,2026-07,pce_champion,20.18,True,True,,True,shipped,True,shipped
10.1021/acsenergylett.6c01161,2026-07,pce_champion,18.15,True,True,,True,shipped,True,shipped
10.1021/acsenergylett.6c01361,2026-07,pce_champion,27.7,True,True,,True,shipped,True,shipped
10.1021/acsenergylett.6c01489,2026-07,pce_champion,26.23,True,True,,True,shipped,True,shipped
10.1021/acsenergylett.6c01517,2026-07,pce_champion,26.65,True,True,,True,shipped,True,shipped
10.1021/acsenergylett.6c01826,2026-07,pce_champion,17.1,True,True,,True,shipped,True,shipped
10.1021/acsnano.5c21750,2026-07,pce_champion,23.06,True,True,,True,shipped,True,shipped
10.1021/acsnano.6c04084,2026-07,pce_champion,22.51,True,True,,True,shipped,True,shipped
10.1021/jacs.6c05502,2026-07,pce_champion,22.99,True,True,,True,shipped,True,shipped
10.1021/jacs.6c06932,2026-07,pce_champion,26.53,True,True,,True,shipped,True,shipped
10.1038/s41467-026-74018-8,2026-07,pce_certified,27.12,True,True,,True,shipped,True,shipped
10.1038/s41467-026-75053-1,2026-07,pce_champion,26.14,True,True,,True,shipped,True,shipped
10.1038/s41467-026-75053-1,2026-07,pce_certified,25.75,True,True,,True,shipped,True,shipped
10.1038/s41467-026-75305-0,2026-07,pce_certified,26.18,True,True,,True,shipped,True,shipped
10.1038/s41467-026-75305-0,2026-07,active_area_cm2,1.17,True,True,,True,shipped,True,shipped
10.1038/s41467-026-75629-x,2026-07,pce_champion,26.47,True,True,,True,shipped,True,shipped
10.1038/s41467-026-75990-x,2026-07,active_area_cm2,14.0,True,True,,True,shipped,True,shipped
10.1126/sciadv.aeb8790,2026-07,pce_champion,22.99,True,True,,True,shipped,True,shipped
10.1126/sciadv.aeb8790,2026-07,pce_certified,28.84,True,True,,True,shipped,True,shipped
10.1126/sciadv.aed6327,2026-07,pce_champion,26.88,True,True,,True,shipped,True,shipped
10.1126/sciadv.aed6327,2026-07,pce_certified,26.52,True,True,,True,shipped,True,shipped
10.1126/sciadv.aed6327,2026-07,active_area_cm2,900,True,True,,True,shipped,True,shipped
10.1126/sciadv.aee4175,2026-07,pce_certified,23.1,True,True,,True,shipped,True,shipped
10.1126/sciadv.aee4175,2026-07,active_area_cm2,20.3,True,True,,True,shipped,True,shipped
10.1126/sciadv.aef6600,2026-07,pce_champion,24.0,True,True,,True,shipped,True,shipped
10.1126/sciadv.aef6600,2026-07,pce_certified,27.49,True,True,,True,shipped,True,shipped
10.1126/sciadv.aef6600,2026-07,active_area_cm2,12.56,True,True,,True,shipped,True,shipped
10.1126/sciadv.aeg1456,2026-07,pce_certified,27.31,True,True,,True,shipped,True,shipped
10.1126/sciadv.aeg1456,2026-07,active_area_cm2,766,True,True,,True,shipped,True,shipped
10.1126/sciadv.aei2945,2026-07,pce_champion,23.7,True,True,,True,shipped,True,shipped
10.1126/sciadv.aei2945,2026-07,pce_certified,33.1,True,True,,True,shipped,True,shipped
10.1126/science.aed8175,2026-07,pce_champion,27.8,True,True,,True,shipped,True,shipped
10.1126/science.aed8175,2026-07,pce_certified,27.3,True,True,,True,shipped,True,shipped
10.1126/science.aed8175,2026-07,active_area_cm2,625,True,True,,True,shipped,True,shipped
10.1126/science.aef1969,2026-07,pce_champion,26.7,True,True,,True,shipped,True,shipped
10.1126/science.aef1969,2026-07,pce_certified,26.1,True,True,,True,shipped,True,shipped
10.1126/science.aef1969,2026-07,active_area_cm2,100,True,True,,True,shipped,True,shipped
10.1126/science.aeg1730,2026-07,pce_champion,27.2,True,True,,True,shipped,True,shipped
10.1126/science.aeg1730,2026-07,pce_certified,23.5,True,True,,True,shipped,True,shipped
10.1126/science.aeg1730,2026-07,active_area_cm2,65.05,True,True,,True,shipped,True,shipped
10.20517/energymater.2026.102,2026-07,pce_champion,25.06,True,True,,True,shipped,True,shipped
10.26434/chemrxiv.15006632/v1,2026-07,pce_champion,26.0,True,True,,False,anchor_not_verbatim,False,anchor_not_verbatim
10.26599/pom.2026.9140147,2026-07,pce_champion,25.15,True,True,,True,shipped,True,shipped
10.48550/arxiv.2607.19789,2026-07,pce_champion,28.18,True,True,,True,shipped,True,shipped
10.1002/adfm.77504,2026-08,pce_champion,22.3,True,True,,True,shipped,True,shipped
10.1002/adfm.77637,2026-08,pce_champion,33.02,True,True,,True,shipped,True,shipped
10.1002/adfm.77712,2026-08,pce_champion,26.49,True,True,,True,shipped,True,shipped
10.1002/adfm.77729,2026-08,pce_champion,26.1,True,True,,True,shipped,True,shipped
10.1002/adfm.77805,2026-08,pce_champion,24.25,True,True,,True,shipped,True,shipped
10.1002/adfm.77805,2026-08,active_area_cm2,0.08,True,True,,True,shipped,True,shipped
10.1002/adfm.77805,2026-08,t80_h,864,True,True,,True,shipped,True,shipped
10.1002/adfm.77833,2026-08,pce_champion,17.07,True,True,,True,shipped,True,shipped
10.1002/adfm.77855,2026-08,pce_champion,26.2,True,True,,True,shipped,True,shipped
10.1002/adfm.77942,2026-08,pce_champion,26.14,True,True,,True,shipped,True,shipped
10.1002/adfm.77942,2026-08,pce_certified,25.23,True,True,,True,shipped,True,shipped
10.1002/adfm.78067,2026-08,pce_champion,26.12,True,True,,True,shipped,True,shipped
10.1002/adma.74438,2026-08,pce_champion,27.06,True,True,,True,shipped,True,shipped
10.1002/adma.74438,2026-08,pce_certified,20.11,True,True,,True,shipped,True,shipped
10.1002/adma.74438,2026-08,active_area_cm2,0.09,True,True,,True,shipped,True,shipped
10.1002/adma.74461,2026-08,pce_champion,27.03,True,True,,True,shipped,True,shipped
10.1002/adma.74461,2026-08,pce_certified,26.56,True,True,,True,shipped,True,shipped
10.1002/adma.74461,2026-08,active_area_cm2,0.062,True,True,,True,shipped,True,shipped
10.1002/adma.74469,2026-08,pce_champion,27.01,True,True,,True,shipped,True,shipped
10.1002/adma.74469,2026-08,active_area_cm2,0.09,True,True,,True,shipped,True,shipped
10.1002/adma.74486,2026-08,pce_champion,25.3,True,True,,True,shipped,True,shipped
10.1002/adma.74489,2026-08,pce_champion,26.66,True,True,,True,shipped,True,shipped
10.1002/adma.74538,2026-08,pce_champion,20.23,True,True,,True,shipped,True,shipped
10.1002/adma.74629,2026-08,pce_champion,23.3,True,True,,True,shipped,True,shipped
10.1002/adma.74629,2026-08,active_area_cm2,57.3,True,True,,True,shipped,True,shipped
10.1002/adma.74769,2026-08,pce_champion,16.48,True,True,,True,shipped,True,shipped
10.1002/adma.74828,2026-08,pce_champion,22.83,True,True,,True,shipped,True,shipped
10.1002/adma.74828,2026-08,active_area_cm2,22.95,True,True,,True,shipped,True,shipped
10.1002/advs.76791,2026-08,pce_champion,19.29,True,True,,True,shipped,True,shipped
10.1002/advs.76950,2026-08,pce_champion,23.14,True,True,,True,shipped,True,shipped
10.1002/advs.76950,2026-08,active_area_cm2,29.7,True,True,,True,shipped,True,shipped
10.1002/advs.77051,2026-08,pce_champion,16.02,True,True,,True,shipped,True,shipped
10.1002/aenm.71372,2026-08,pce_champion,24.7,True,True,,True,shipped,True,shipped
10.1002/aenm.71396,2026-08,pce_champion,25.67,True,True,,True,shipped,True,shipped
10.1002/aenm.71419,2026-08,pce_champion,25.34,True,True,,True,shipped,True,shipped
10.1002/aenm.71474,2026-08,pce_champion,26.21,True,True,,True,shipped,True,shipped
10.1002/aenm.71482,2026-08,pce_champion,26.38,True,True,,True,shipped,True,shipped
10.1002/aenm.71497,2026-08,pce_champion,24.1,True,True,,True,shipped,True,shipped
10.1002/aenm.71512,2026-08,pce_champion,32.16,True,True,,True,shipped,True,shipped
10.1002/aenm.71514,2026-08,pce_champion,26.17,True,True,,True,shipped,True,shipped
10.1002/anie.2425823,2026-08,pce_champion,26.67,True,True,,True,shipped,True,shipped
10.1002/anie.2425823,2026-08,pce_certified,26.44,True,True,,True,shipped,True,shipped
10.1002/anie.2425823,2026-08,t80_h,800,True,True,,True,shipped,True,shipped
10.1002/anie.3095986,2026-08,pce_champion,27.06,True,True,,True,shipped,True,shipped
10.1002/anie.3095986,2026-08,pce_certified,26.77,True,True,,True,shipped,True,shipped
10.1002/anie.3716107,2026-08,pce_champion,26.79,True,True,,True,shipped,True,shipped
10.1002/anie.3883037,2026-08,pce_champion,23.24,True,True,,True,shipped,True,shipped
10.1002/anie.3883037,2026-08,active_area_cm2,0.062,True,True,,True,shipped,True,shipped
10.1002/anie.4221605,2026-08,pce_champion,26.99,True,True,,True,shipped,True,shipped
10.1002/anie.5241611,2026-08,pce_champion,33.0,True,True,,True,shipped,True,shipped
10.1002/anie.5241611,2026-08,pce_certified,32.56,True,True,,True,shipped,True,shipped
10.1002/anie.5667084,2026-08,pce_champion,22.5,True,True,,True,shipped,True,shipped
10.1002/anie.6548693,2026-08,pce_champion,27.1,True,True,,True,shipped,True,shipped
10.1002/anie.6548693,2026-08,t80_h,1400,True,True,,True,shipped,True,shipped
10.1002/anie.6932848,2026-08,pce_champion,26.58,True,True,,True,shipped,True,shipped
10.1002/anie.7848549,2026-08,pce_champion,27.05,True,True,,True,shipped,True,shipped
10.1002/anie.7848549,2026-08,pce_certified,26.51,True,True,,True,shipped,True,shipped
10.1002/anie.7848549,2026-08,active_area_cm2,12.95,True,True,,True,shipped,True,shipped
10.1002/anie.8256065,2026-08,pce_champion,24.94,True,True,,True,shipped,True,shipped
10.1002/ente.70607,2026-08,pce_champion,8.12,True,True,,True,shipped,True,shipped
10.1002/ente.70607,2026-08,active_area_cm2,5,True,True,,True,shipped,True,shipped
10.1002/rar2.70509,2026-08,pce_champion,25.44,True,True,,True,shipped,True,shipped
10.1002/smll.75056,2026-08,pce_champion,24.86,True,True,,True,shipped,True,shipped
10.1002/smll.75056,2026-08,active_area_cm2,12.4,True,True,,True,shipped,True,shipped
10.1002/smll.75068,2026-08,pce_champion,24.59,True,True,,True,shipped,True,shipped
10.1002/smll.75068,2026-08,pce_certified,17.35,True,True,,True,shipped,True,shipped
10.1002/smll.75068,2026-08,active_area_cm2,61.2,True,True,,True,shipped,True,shipped
10.1002/smll.75089,2026-08,pce_champion,22.48,True,True,,True,shipped,True,shipped
10.1002/smll.75122,2026-08,pce_champion,26.19,True,True,,True,shipped,True,shipped
10.1002/smll.75360,2026-08,pce_champion,26.17,True,True,,True,shipped,True,shipped
10.1002/smll.75360,2026-08,active_area_cm2,0.0729,True,True,,True,shipped,True,shipped
10.1002/smll.75482,2026-08,pce_champion,23.95,True,True,,True,shipped,True,shipped
10.1002/smll.75536,2026-08,pce_champion,21.36,True,True,,True,shipped,True,shipped
10.1002/solr.70449,2026-08,pce_champion,15.77,True,True,,True,shipped,True,shipped
10.1002/solr.70454,2026-08,pce_champion,14.13,True,True,,True,shipped,True,shipped
10.1002/solr.70454,2026-08,t80_h,720,True,True,,True,shipped,True,shipped
10.1002/solr.70461,2026-08,pce_champion,23.72,True,True,,True,shipped,True,shipped
10.1007/s40820-026-02278-6,2026-08,pce_champion,26.21,True,True,,True,shipped,True,shipped
10.1016/j.decarb.2026.100190,2026-08,pce_champion,22.38,True,True,,True,shipped,True,shipped
10.1016/j.jcis.2026.141449,2026-08,pce_champion,22.73,True,True,,True,shipped,True,shipped
10.1016/j.joule.2026.102645,2026-08,pce_champion,30.3,True,True,,True,shipped,True,shipped
10.1016/j.joule.2026.102645,2026-08,pce_certified,29.7,True,True,,True,shipped,True,shipped
10.1016/j.solener.2026.114961,2026-08,pce_champion,0.53,True,True,,True,shipped,True,shipped
10.1016/j.solener.2026.115062,2026-08,pce_champion,8.74,True,True,,True,shipped,True,shipped
10.1021/acs.jpclett.6c01761,2026-08,pce_champion,10.48,True,True,,True,shipped,True,shipped
10.1021/acs.jpclett.6c02136,2026-08,pce_champion,26.04,True,True,,True,shipped,True,shipped
10.1021/acs.jpclett.6c02253,2026-08,pce_champion,21.05,True,True,,True,shipped,True,shipped
10.1021/acs.nanolett.6c03508,2026-08,pce_champion,17.6,True,True,,True,shipped,True,shipped
10.1021/acs.nanolett.6c03508,2026-08,pce_certified,16.98,True,True,,True,shipped,True,shipped
10.1021/acsaem.6c01031,2026-08,pce_champion,30,True,True,,True,shipped,True,shipped
10.1021/acsaem.6c01708,2026-08,pce_champion,21.41,True,True,,True,shipped,True,shipped
10.1021/acsaem.6c02041,2026-08,pce_champion,22.6,True,True,,True,shipped,True,shipped
10.1021/acsami.6c07537,2026-08,pce_champion,18.2,True,True,,True,shipped,True,shipped
10.1021/acsami.6c07884,2026-08,pce_champion,26.28,True,True,,True,shipped,True,shipped
10.1021/acsami.6c11057,2026-08,pce_champion,9.29,True,True,,True,shipped,True,shipped
10.1021/acsami.6c11467,2026-08,pce_champion,25.03,True,True,,True,shipped,True,shipped
10.1021/acsami.6c13903,2026-08,pce_champion,20.98,True,True,,True,shipped,True,shipped
10.1021/acsenergylett.6c01191,2026-08,pce_champion,25.59,True,True,,True,shipped,True,shipped
10.1021/acsenergylett.6c01444,2026-08,pce_champion,26.22,True,True,,True,shipped,True,shipped
10.1021/acsenergylett.6c01485,2026-08,pce_champion,20.0,True,True,,True,shipped,True,shipped
10.1021/acsenergylett.6c02033,2026-08,pce_champion,26.13,True,True,,True,shipped,True,shipped
10.1021/acsnano.5c21962,2026-08,pce_champion,25.19,True,True,,True,shipped,True,shipped
10.1021/acsnano.5c21962,2026-08,active_area_cm2,21,True,True,,True,shipped,True,shipped
10.1021/acsnano.6c07355,2026-08,pce_champion,29.47,True,True,,True,shipped,True,shipped
10.1021/jacs.6c12975,2026-08,pce_champion,25.2,True,True,,True,shipped,True,shipped
10.1038/s41467-026-76266-0,2026-08,pce_champion,33.66,True,True,,True,shipped,True,shipped
10.1038/s41467-026-76266-0,2026-08,pce_certified,33.66,True,True,,True,shipped,True,shipped
10.1038/s41467-026-76425-3,2026-08,pce_champion,26.32,True,True,,True,shipped,True,shipped
10.1038/s41467-026-76425-3,2026-08,active_area_cm2,0.06,True,True,,True,shipped,True,shipped
10.1038/s41467-026-76497-1,2026-08,pce_champion,27.59,True,True,,True,shipped,True,shipped
10.1038/s41467-026-76497-1,2026-08,pce_certified,27.2,True,True,,True,shipped,True,shipped
10.1038/s41467-026-76713-y,2026-08,pce_champion,30.77,True,True,,True,shipped,True,shipped
10.1038/s41467-026-76713-y,2026-08,pce_certified,30.77,True,True,,True,shipped,True,shipped
10.1038/s41467-026-76713-y,2026-08,active_area_cm2,1.164,True,True,,True,shipped,True,shipped
10.1038/s41467-026-76786-9,2026-08,pce_champion,28.14,True,True,,True,shipped,True,shipped
10.1038/s41467-026-76786-9,2026-08,pce_certified,27.84,True,True,,True,shipped,True,shipped
10.1038/s41467-026-76786-9,2026-08,active_area_cm2,0.09,True,True,,True,shipped,True,shipped
10.1038/s41467-026-76847-z,2026-08,pce_champion,20.36,True,True,,True,shipped,True,shipped
10.1038/s41467-026-76848-y,2026-08,pce_champion,26.32,True,True,,True,shipped,True,shipped
10.1038/s41467-026-76848-y,2026-08,pce_certified,25.67,True,True,,True,shipped,True,shipped
10.1038/s41467-026-76848-y,2026-08,active_area_cm2,0.08,True,True,,True,shipped,True,shipped
10.1038/s43246-026-01321-8,2026-08,pce_champion,27.7,True,True,,True,shipped,True,shipped
10.1038/s43246-026-01321-8,2026-08,active_area_cm2,25,True,True,,True,shipped,True,shipped
10.1093/nsr/nwag484,2026-08,pce_champion,26.54,True,True,,True,shipped,True,shipped
10.1093/nsr/nwag484,2026-08,pce_certified,26.03,True,True,,True,shipped,True,shipped
10.1126/sciadv.aec3096,2026-08,pce_champion,26.76,True,True,,True,shipped,True,shipped
10.1126/sciadv.aec3096,2026-08,pce_certified,26.45,True,True,,True,shipped,True,shipped
10.1126/science.aeg8415,2026-08,pce_champion,27.7,True,True,,True,shipped,True,shipped
10.1126/science.aeg8415,2026-08,pce_certified,27.4,True,True,,True,shipped,True,shipped
10.1126/science.aeg8415,2026-08,active_area_cm2,0.06,True,True,,True,shipped,True,shipped
10.22541/authorea.15007746/v1,2026-08,pce_champion,25.13,True,True,,True,shipped,True,shipped
10.26434/chemrxiv.15007814/v1,2026-08,pce_champion,22.19,True,True,,True,shipped,True,shipped
10.26434/chemrxiv.15008059/v1,2026-08,pce_champion,20.31,True,True,,True,shipped,True,shipped
10.48550/arxiv.2608.29341,2026-08,pce_champion,26.06,True,True,,True,shipped,True,shipped
