id,desc,oracle,expect,runner,injection_landed,rc,sec,pdf_published,recorded_not_stopped,caught,gates_fired,verdict
NC-00,"negative control, nothing injected",(none),pass,build,True,0,8.7,True,False,False,,control_ok
NC-01,"negative control, anchors untouched",(none),pass,verify_anchors,True,0,0.3,,False,False,,control_ok
FI-01,anchor no longer verbatim in source abstract,verify_anchors,catch,verify_anchors,True,1,0.3,,False,True,verify_anchors,caught_by_oracle
FI-02,anchor verbatim but 30 words (over the 25-word cap),verify_anchors,catch,verify_anchors,True,1,0.2,,False,True,verify_anchors,caught_by_oracle
FI-03,numeric value absent from its own anchor,verify_anchors,catch,verify_anchors,True,1,0.2,,False,True,verify_anchors,caught_by_oracle
FI-04,certified single junction above the SQ limit (34.8%),G3c-abstract-physics,catch,build,True,1,7.6,False,False,True,G3c-abstract-physics,caught_by_oracle
FI-05,fabricated digit inserted into the abstract,G3-abstract,catch,build,True,1,7.8,False,False,True,G3-abstract,caught_by_oracle
FI-06,unresolvable placeholder token in the abstract,build-fail-closed,catch,build,True,1,0.5,False,False,True,build-fail-closed,caught_by_oracle
FI-07,verbatim shipped narration sentence,G4,catch,build,True,1,7.7,False,False,True,G4,caught_by_oracle
FI-08,NOVEL narration paraphrase absent from KNOWN_LEAKS,G4,unknown,build,True,1,6.6,False,False,True,G4,caught_by_oracle
FI-09,em-dash injected into body prose,G4,catch,build,True,1,6.7,False,False,True,G4,caught_by_oracle
FI-10,citation key resolving to no card,G1,catch,build,True,1,7.0,False,False,True,G1,caught_by_oracle
FI-11,"45 citations stripped, pushing below the G2c band",G2c-cite-count,catch,build,True,1,6.7,False,False,True,"G2c-cite-count,G3e-body-numbers",caught_by_oracle
FI-12,"section tripled in length, over its ceiling",G2,catch,build,True,1,8.2,False,False,True,"G2,G5",caught_by_oracle
FI-13,two sections of the SAME issue carrying identical prose,"intra-issue novelty (defined, NOT enforced)",known_blind,build,True,0,7.7,True,False,False,,known_blind_confirmed
FI-14,every figure deleted before the build,"G9c (counts duplicates, cannot see absence)",known_blind,build,True,0,7.0,True,False,False,,known_blind_confirmed
FI-15,notation converter neutered (units ship flat),G9a-notation,catch,build,True,1,7.5,False,False,True,G9a-notation,caught_by_oracle
FI-16,bare abbreviation used before its expansion,G7-abbrev,catch,build,True,1,10.0,False,False,True,G7-abbrev,caught_by_oracle
FI-17,"AI declaration names a CLI slug, not a product",G9d-model-names,catch,build,True,1,7.7,False,False,True,G9d-model-names,caught_by_oracle
FI-18,fabricated numeral typed into body prose,G3e-body-numbers,catch,build,True,1,7.7,False,False,True,G3e-body-numbers,caught_by_oracle
FI-19,body count claim disagrees with the computed count,G3e-body-numbers,catch,build,True,1,6.8,False,False,True,G3e-body-numbers,caught_by_oracle
