id,answer,note
"R3|10.1002/adma.73036|active_area_cm2|0.04",agree,""
"R3|10.1016/j.nanoen.2026.112222|active_area_cm2|0.0405",agree,""
"R3|10.1002/aenm.202505931|active_area_cm2|900.0",agree,"I think usually the footprint area is active area in perovskite PV report in abstract"
"R3|10.1038/s41467-026-71845-7|active_area_cm2|900",agree,"I think usually the footprint area is active area in perovskite PV report in abstract"
"R3|10.1016/j.esci.2026.100601|active_area_cm2|900",agree,"I think usually the footprint area is active area in perovskite PV report in abstract"
"R3|10.1038/s41467-026-70002-4|active_area_cm2|2000",disagree,"there are 2 type of device, single junction perovskite with 60 cm2 , and perovskite/Si tandem with 2000 cm2. I think usually the footprint area is active area in perovskite PV report in abstract"
"R3|10.1002/adma.73679|t80_h|87600",agree,""
"R3|10.1021/acsaem.6c02041|t80_h|1080",agree,""
"R3|10.1002/adma.74033|active_area_cm2|900",agree,"I think usually the footprint area is active area in perovskite PV report in abstract"
"R5|10.1002/aenm.202505931|active_area_cm2|900",agree,"I think usually the footprint area is active area in perovskite PV report in abstract"
"R5|10.1002/adfm.202532100|pce_champion|25",agree,""
"R5|10.1002/adma.73358|active_area_cm2|25",agree,"I think usually the footprint area is active area in perovskite PV report in abstract"
"R5|10.1016/j.nanoen.2026.112222|active_area_cm2|0.0405",agree,""